base_id,input_url,base,found,resolved_url,resolved_ext,detected_kind,content_type,http_status,note
EFTA01600794,https://www.justice.gov/epstein/files/DataSet%2010/EFTA01600794.pdf,https://www.justice.gov/epstein/files/DataSet%2010/EFTA01600794,False,,,,,,gated_or_rate_limited (html streak)
EFTA01600795,https://www.justice.gov/epstein/files/DataSet%2010/EFTA01600795.pdf,https://www.justice.gov/epstein/files/DataSet%2010/EFTA01600795,False,,,,,,gated_or_rate_limited (html streak)
EFTA01600796,https://www.justice.gov/epstein/files/DataSet%2010/EFTA01600796.pdf,https://www.justice.gov/epstein/files/DataSet%2010/EFTA01600796,True,https://www.justice.gov/epstein/files/DataSet%2010/EFTA01600796.mov,mov,video,video/quicktime,206,ok via .mov
EFTA01600797,https://www.justice.gov/epstein/files/DataSet%2010/EFTA01600797.pdf,https://www.justice.gov/epstein/files/DataSet%2010/EFTA01600797,True,https://www.justice.gov/epstein/files/DataSet%2010/EFTA01600797.mov,mov,video,video/quicktime,206,ok via .mov
EFTA01600799,https://www.justice.gov/epstein/files/DataSet%2010/EFTA01600799.pdf,https://www.justice.gov/epstein/files/DataSet%2010/EFTA01600799,False,,,,,,gated_or_rate_limited (html streak)
EFTA01600800,https://www.justice.gov/epstein/files/DataSet%2010/EFTA01600800.pdf,https://www.justice.gov/epstein/files/DataSet%2010/EFTA01600800,False,,,,,,gated_or_rate_limited (html streak)
EFTA01600801,https://www.justice.gov/epstein/files/DataSet%2010/EFTA01600801.pdf,https://www.justice.gov/epstein/files/DataSet%2010/EFTA01600801,True,https://www.justice.gov/epstein/files/DataSet%2010/EFTA01600801.mov,mov,video,video/quicktime,206,ok via .mov
EFTA01600802,https://www.justice.gov/epstein/files/DataSet%2010/EFTA01600802.pdf,https://www.justice.gov/epstein/files/DataSet%2010/EFTA01600802,False,,,,,,gated_or_rate_limited (html streak)
EFTA01600804,https://www.justice.gov/epstein/files/DataSet%2010/EFTA01600804.pdf,https://www.justice.gov/epstein/files/DataSet%2010/EFTA01600804,False,,,,,,gated_or_rate_limited (html streak)
EFTA01600806,https://www.justice.gov/epstein/files/DataSet%2010/EFTA01600806.pdf,https://www.justice.gov/epstein/files/DataSet%2010/EFTA01600806,False,,,,,,gated_or_rate_limited (html streak)
EFTA01600807,https://www.justice.gov/epstein/files/DataSet%2010/EFTA01600807.pdf,https://www.justice.gov/epstein/files/DataSet%2010/EFTA01600807,False,,,,,,gated_or_rate_limited (html streak)
EFTA01600808,https://www.justice.gov/epstein/files/DataSet%2010/EFTA01600808.pdf,https://www.justice.gov/epstein/files/DataSet%2010/EFTA01600808,False,,,,,,gated_or_rate_limited (html streak)
EFTA01600809,https://www.justice.gov/epstein/files/DataSet%2010/EFTA01600809.pdf,https://www.justice.gov/epstein/files/DataSet%2010/EFTA01600809,False,,,,,,gated_or_rate_limited (html streak)
EFTA01600810,https://www.justice.gov/epstein/files/DataSet%2010/EFTA01600810.pdf,https://www.justice.gov/epstein/files/DataSet%2010/EFTA01600810,False,,,,,,gated_or_rate_limited (html streak)
EFTA01600812,https://www.justice.gov/epstein/files/DataSet%2010/EFTA01600812.pdf,https://www.justice.gov/epstein/files/DataSet%2010/EFTA01600812,False,,,,,,gated_or_rate_limited (html streak)
EFTA01600813,https://www.justice.gov/epstein/files/DataSet%2010/EFTA01600813.pdf,https://www.justice.gov/epstein/files/DataSet%2010/EFTA01600813,False,,,,,,gated_or_rate_limited (html streak)
EFTA01600814,https://www.justice.gov/epstein/files/DataSet%2010/EFTA01600814.pdf,https://www.justice.gov/epstein/files/DataSet%2010/EFTA01600814,False,,,,,,gated_or_rate_limited (html streak)
EFTA01600815,https://www.justice.gov/epstein/files/DataSet%2010/EFTA01600815.pdf,https://www.justice.gov/epstein/files/DataSet%2010/EFTA01600815,False,,,,,,gated_or_rate_limited (html streak)
EFTA01600817,https://www.justice.gov/epstein/files/DataSet%2010/EFTA01600817.pdf,https://www.justice.gov/epstein/files/DataSet%2010/EFTA01600817,False,,,,,,gated_or_rate_limited (html streak)
EFTA01600822,https://www.justice.gov/epstein/files/DataSet%2010/EFTA01600822.pdf,https://www.justice.gov/epstein/files/DataSet%2010/EFTA01600822,False,,,,,,gated_or_rate_limited (html streak)
EFTA01600823,https://www.justice.gov/epstein/files/DataSet%2010/EFTA01600823.pdf,https://www.justice.gov/epstein/files/DataSet%2010/EFTA01600823,False,,,,,,gated_or_rate_limited (html streak)
EFTA01600824,https://www.justice.gov/epstein/files/DataSet%2010/EFTA01600824.pdf,https://www.justice.gov/epstein/files/DataSet%2010/EFTA01600824,True,https://www.justice.gov/epstein/files/DataSet%2010/EFTA01600824.mov,mov,video,video/quicktime,206,ok via .mov
EFTA01612218,https://www.justice.gov/epstein/files/DataSet%2010/EFTA01612218.pdf,https://www.justice.gov/epstein/files/DataSet%2010/EFTA01612218,True,https://www.justice.gov/epstein/files/DataSet%2010/EFTA01612218.mp4,mp4,video_or_audio,video/mp4,206,ok via .mp4
EFTA01612219,https://www.justice.gov/epstein/files/DataSet%2010/EFTA01612219.pdf,https://www.justice.gov/epstein/files/DataSet%2010/EFTA01612219,True,https://www.justice.gov/epstein/files/DataSet%2010/EFTA01612219.mp4,mp4,video_or_audio,video/mp4,206,ok via .mp4
EFTA01612251,https://www.justice.gov/epstein/files/DataSet%2010/EFTA01612251.pdf,https://www.justice.gov/epstein/files/DataSet%2010/EFTA01612251,False,,,,,,gated_or_rate_limited (html streak)
EFTA01612353,https://www.justice.gov/epstein/files/DataSet%2010/EFTA01612353.pdf,https://www.justice.gov/epstein/files/DataSet%2010/EFTA01612353,True,https://www.justice.gov/epstein/files/DataSet%2010/EFTA01612353.m4a,m4a,audio,audio/mp4,206,ok via .m4a
EFTA01612354,https://www.justice.gov/epstein/files/DataSet%2010/EFTA01612354.pdf,https://www.justice.gov/epstein/files/DataSet%2010/EFTA01612354,True,https://www.justice.gov/epstein/files/DataSet%2010/EFTA01612354.m4a,m4a,audio,audio/mp4,206,ok via .m4a
EFTA01612355,https://www.justice.gov/epstein/files/DataSet%2010/EFTA01612355.pdf,https://www.justice.gov/epstein/files/DataSet%2010/EFTA01612355,True,https://www.justice.gov/epstein/files/DataSet%2010/EFTA01612355.m4a,m4a,audio,audio/mp4,206,ok via .m4a
EFTA01613258,https://www.justice.gov/epstein/files/DataSet%2010/EFTA01613258.pdf,https://www.justice.gov/epstein/files/DataSet%2010/EFTA01613258,True,https://www.justice.gov/epstein/files/DataSet%2010/EFTA01613258.m4a,m4a,audio,audio/mp4,206,ok via .m4a
EFTA01613259,https://www.justice.gov/epstein/files/DataSet%2010/EFTA01613259.pdf,https://www.justice.gov/epstein/files/DataSet%2010/EFTA01613259,True,https://www.justice.gov/epstein/files/DataSet%2010/EFTA01613259.m4a,m4a,audio,audio/mp4,206,ok via .m4a
EFTA01613386,https://www.justice.gov/epstein/files/DataSet%2010/EFTA01613386.pdf,https://www.justice.gov/epstein/files/DataSet%2010/EFTA01613386,True,https://www.justice.gov/epstein/files/DataSet%2010/EFTA01613386.mov,mov,video,video/quicktime,206,ok via .mov
EFTA01614277,https://www.justice.gov/epstein/files/DataSet%2010/EFTA01614277.pdf,https://www.justice.gov/epstein/files/DataSet%2010/EFTA01614277,False,,,,,,gated_or_rate_limited (html streak)
EFTA01614483,https://www.justice.gov/epstein/files/DataSet%2010/EFTA01614483.pdf,https://www.justice.gov/epstein/files/DataSet%2010/EFTA01614483,True,https://www.justice.gov/epstein/files/DataSet%2010/EFTA01614483.mov,mov,video,video/quicktime,206,ok via .mov
EFTA01614506,https://www.justice.gov/epstein/files/DataSet%2010/EFTA01614506.pdf,https://www.justice.gov/epstein/files/DataSet%2010/EFTA01614506,True,https://www.justice.gov/epstein/files/DataSet%2010/EFTA01614506.mov,mov,video,video/quicktime,206,ok via .mov
EFTA01615130,https://www.justice.gov/epstein/files/DataSet%2010/EFTA01615130.pdf,https://www.justice.gov/epstein/files/DataSet%2010/EFTA01615130,False,,,,,,gated_or_rate_limited (html streak)
EFTA01615887,https://www.justice.gov/epstein/files/DataSet%2010/EFTA01615887.pdf,https://www.justice.gov/epstein/files/DataSet%2010/EFTA01615887,True,https://www.justice.gov/epstein/files/DataSet%2010/EFTA01615887.mov,mov,video,video/quicktime,206,ok via .mov
EFTA01616390,https://www.justice.gov/epstein/files/DataSet%2010/EFTA01616390.pdf,https://www.justice.gov/epstein/files/DataSet%2010/EFTA01616390,True,https://www.justice.gov/epstein/files/DataSet%2010/EFTA01616390.mov,mov,video,video/quicktime,206,ok via .mov
EFTA01616766,https://www.justice.gov/epstein/files/DataSet%2010/EFTA01616766.pdf,https://www.justice.gov/epstein/files/DataSet%2010/EFTA01616766,False,,,,,,gated_or_rate_limited (html streak)
EFTA01616820,https://www.justice.gov/epstein/files/DataSet%2010/EFTA01616820.pdf,https://www.justice.gov/epstein/files/DataSet%2010/EFTA01616820,True,https://www.justice.gov/epstein/files/DataSet%2010/EFTA01616820.mov,mov,video,video/quicktime,206,ok via .mov
EFTA01616872,https://www.justice.gov/epstein/files/DataSet%2010/EFTA01616872.pdf,https://www.justice.gov/epstein/files/DataSet%2010/EFTA01616872,True,https://www.justice.gov/epstein/files/DataSet%2010/EFTA01616872.mov,mov,video,video/quicktime,206,ok via .mov
EFTA01616873,https://www.justice.gov/epstein/files/DataSet%2010/EFTA01616873.pdf,https://www.justice.gov/epstein/files/DataSet%2010/EFTA01616873,True,https://www.justice.gov/epstein/files/DataSet%2010/EFTA01616873.mov,mov,video,video/quicktime,206,ok via .mov
EFTA01617570,https://www.justice.gov/epstein/files/DataSet%2010/EFTA01617570.pdf,https://www.justice.gov/epstein/files/DataSet%2010/EFTA01617570,True,https://www.justice.gov/epstein/files/DataSet%2010/EFTA01617570.mov,mov,video,video/quicktime,206,ok via .mov
EFTA01617571,https://www.justice.gov/epstein/files/DataSet%2010/EFTA01617571.pdf,https://www.justice.gov/epstein/files/DataSet%2010/EFTA01617571,True,https://www.justice.gov/epstein/files/DataSet%2010/EFTA01617571.mov,mov,video,video/quicktime,206,ok via .mov
EFTA01617666,https://www.justice.gov/epstein/files/DataSet%2010/EFTA01617666.pdf,https://www.justice.gov/epstein/files/DataSet%2010/EFTA01617666,True,https://www.justice.gov/epstein/files/DataSet%2010/EFTA01617666.m4a,m4a,audio,audio/mp4,206,ok via .m4a
EFTA01617814,https://www.justice.gov/epstein/files/DataSet%2010/EFTA01617814.pdf,https://www.justice.gov/epstein/files/DataSet%2010/EFTA01617814,True,https://www.justice.gov/epstein/files/DataSet%2010/EFTA01617814.mov,mov,video,video/quicktime,206,ok via .mov
EFTA01617815,https://www.justice.gov/epstein/files/DataSet%2010/EFTA01617815.pdf,https://www.justice.gov/epstein/files/DataSet%2010/EFTA01617815,True,https://www.justice.gov/epstein/files/DataSet%2010/EFTA01617815.mov,mov,video,video/quicktime,206,ok via .mov
EFTA01617816,https://www.justice.gov/epstein/files/DataSet%2010/EFTA01617816.pdf,https://www.justice.gov/epstein/files/DataSet%2010/EFTA01617816,True,https://www.justice.gov/epstein/files/DataSet%2010/EFTA01617816.mov,mov,video,video/quicktime,206,ok via .mov
EFTA01617868,https://www.justice.gov/epstein/files/DataSet%2010/EFTA01617868.pdf,https://www.justice.gov/epstein/files/DataSet%2010/EFTA01617868,True,https://www.justice.gov/epstein/files/DataSet%2010/EFTA01617868.m4a,m4a,audio,audio/mp4,206,ok via .m4a
EFTA01617897,https://www.justice.gov/epstein/files/DataSet%2010/EFTA01617897.pdf,https://www.justice.gov/epstein/files/DataSet%2010/EFTA01617897,False,,,,,,gated_or_rate_limited (html streak)
EFTA01617898,https://www.justice.gov/epstein/files/DataSet%2010/EFTA01617898.pdf,https://www.justice.gov/epstein/files/DataSet%2010/EFTA01617898,False,,,,,,gated_or_rate_limited (html streak)
EFTA01617899,https://www.justice.gov/epstein/files/DataSet%2010/EFTA01617899.pdf,https://www.justice.gov/epstein/files/DataSet%2010/EFTA01617899,False,,,,,,gated_or_rate_limited (html streak)
EFTA01617919,https://www.justice.gov/epstein/files/DataSet%2010/EFTA01617919.pdf,https://www.justice.gov/epstein/files/DataSet%2010/EFTA01617919,True,https://www.justice.gov/epstein/files/DataSet%2010/EFTA01617919.mp4,mp4,video_or_audio,video/mp4,206,ok via .mp4
EFTA01617928,https://www.justice.gov/epstein/files/DataSet%2010/EFTA01617928.pdf,https://www.justice.gov/epstein/files/DataSet%2010/EFTA01617928,False,,,,,,gated_or_rate_limited (html streak)
EFTA01617929,https://www.justice.gov/epstein/files/DataSet%2010/EFTA01617929.pdf,https://www.justice.gov/epstein/files/DataSet%2010/EFTA01617929,False,,,,,,gated_or_rate_limited (html streak)
EFTA01617931,https://www.justice.gov/epstein/files/DataSet%2010/EFTA01617931.pdf,https://www.justice.gov/epstein/files/DataSet%2010/EFTA01617931,False,,,,,,gated_or_rate_limited (html streak)
EFTA01617940,https://www.justice.gov/epstein/files/DataSet%2010/EFTA01617940.pdf,https://www.justice.gov/epstein/files/DataSet%2010/EFTA01617940,False,,,,,,gated_or_rate_limited (html streak)
EFTA01617941,https://www.justice.gov/epstein/files/DataSet%2010/EFTA01617941.pdf,https://www.justice.gov/epstein/files/DataSet%2010/EFTA01617941,False,,,,,,gated_or_rate_limited (html streak)
EFTA01617942,https://www.justice.gov/epstein/files/DataSet%2010/EFTA01617942.pdf,https://www.justice.gov/epstein/files/DataSet%2010/EFTA01617942,False,,,,,,gated_or_rate_limited (html streak)
EFTA01617967,https://www.justice.gov/epstein/files/DataSet%2010/EFTA01617967.pdf,https://www.justice.gov/epstein/files/DataSet%2010/EFTA01617967,False,,,,,,gated_or_rate_limited (html streak)
EFTA01617968,https://www.justice.gov/epstein/files/DataSet%2010/EFTA01617968.pdf,https://www.justice.gov/epstein/files/DataSet%2010/EFTA01617968,False,,,,,,gated_or_rate_limited (html streak)
EFTA01617969,https://www.justice.gov/epstein/files/DataSet%2010/EFTA01617969.pdf,https://www.justice.gov/epstein/files/DataSet%2010/EFTA01617969,False,,,,,,gated_or_rate_limited (html streak)
EFTA01617970,https://www.justice.gov/epstein/files/DataSet%2010/EFTA01617970.pdf,https://www.justice.gov/epstein/files/DataSet%2010/EFTA01617970,False,,,,,,gated_or_rate_limited (html streak)
EFTA01618355,https://www.justice.gov/epstein/files/DataSet%2010/EFTA01618355.pdf,https://www.justice.gov/epstein/files/DataSet%2010/EFTA01618355,True,https://www.justice.gov/epstein/files/DataSet%2010/EFTA01618355.mov,mov,video,video/quicktime,206,ok via .mov
EFTA01618606,https://www.justice.gov/epstein/files/DataSet%2010/EFTA01618606.pdf,https://www.justice.gov/epstein/files/DataSet%2010/EFTA01618606,True,https://www.justice.gov/epstein/files/DataSet%2010/EFTA01618606.mov,mov,video,video/quicktime,206,ok via .mov
EFTA01618622,https://www.justice.gov/epstein/files/DataSet%2010/EFTA01618622.pdf,https://www.justice.gov/epstein/files/DataSet%2010/EFTA01618622,True,https://www.justice.gov/epstein/files/DataSet%2010/EFTA01618622.mov,mov,video,video/quicktime,206,ok via .mov
EFTA01618739,https://www.justice.gov/epstein/files/DataSet%2010/EFTA01618739.pdf,https://www.justice.gov/epstein/files/DataSet%2010/EFTA01618739,True,https://www.justice.gov/epstein/files/DataSet%2010/EFTA01618739.mov,mov,video,video/quicktime,206,ok via .mov
EFTA01618852,https://www.justice.gov/epstein/files/DataSet%2010/EFTA01618852.pdf,https://www.justice.gov/epstein/files/DataSet%2010/EFTA01618852,True,https://www.justice.gov/epstein/files/DataSet%2010/EFTA01618852.mov,mov,video,video/quicktime,206,ok via .mov
EFTA01619211,https://www.justice.gov/epstein/files/DataSet%2010/EFTA01619211.pdf,https://www.justice.gov/epstein/files/DataSet%2010/EFTA01619211,True,https://www.justice.gov/epstein/files/DataSet%2010/EFTA01619211.mov,mov,video,video/quicktime,206,ok via .mov
EFTA01619258,https://www.justice.gov/epstein/files/DataSet%2010/EFTA01619258.pdf,https://www.justice.gov/epstein/files/DataSet%2010/EFTA01619258,True,https://www.justice.gov/epstein/files/DataSet%2010/EFTA01619258.mov,mov,video,video/quicktime,206,ok via .mov
EFTA01619495,https://www.justice.gov/epstein/files/DataSet%2010/EFTA01619495.pdf,https://www.justice.gov/epstein/files/DataSet%2010/EFTA01619495,True,https://www.justice.gov/epstein/files/DataSet%2010/EFTA01619495.m4a,m4a,audio,audio/mp4,206,ok via .m4a
EFTA01619523,https://www.justice.gov/epstein/files/DataSet%2010/EFTA01619523.pdf,https://www.justice.gov/epstein/files/DataSet%2010/EFTA01619523,True,https://www.justice.gov/epstein/files/DataSet%2010/EFTA01619523.mov,mov,video,video/quicktime,206,ok via .mov
EFTA01619524,https://www.justice.gov/epstein/files/DataSet%2010/EFTA01619524.pdf,https://www.justice.gov/epstein/files/DataSet%2010/EFTA01619524,True,https://www.justice.gov/epstein/files/DataSet%2010/EFTA01619524.mov,mov,video,video/quicktime,206,ok via .mov
EFTA01619560,https://www.justice.gov/epstein/files/DataSet%2010/EFTA01619560.pdf,https://www.justice.gov/epstein/files/DataSet%2010/EFTA01619560,True,https://www.justice.gov/epstein/files/DataSet%2010/EFTA01619560.mov,mov,video,video/quicktime,206,ok via .mov
EFTA01619578,https://www.justice.gov/epstein/files/DataSet%2010/EFTA01619578.pdf,https://www.justice.gov/epstein/files/DataSet%2010/EFTA01619578,True,https://www.justice.gov/epstein/files/DataSet%2010/EFTA01619578.mov,mov,video,video/quicktime,206,ok via .mov
EFTA01619588,https://www.justice.gov/epstein/files/DataSet%2010/EFTA01619588.pdf,https://www.justice.gov/epstein/files/DataSet%2010/EFTA01619588,True,https://www.justice.gov/epstein/files/DataSet%2010/EFTA01619588.mov,mov,video,video/quicktime,206,ok via .mov
EFTA01619626,https://www.justice.gov/epstein/files/DataSet%2010/EFTA01619626.pdf,https://www.justice.gov/epstein/files/DataSet%2010/EFTA01619626,True,https://www.justice.gov/epstein/files/DataSet%2010/EFTA01619626.mov,mov,video,video/quicktime,206,ok via .mov
EFTA01619632,https://www.justice.gov/epstein/files/DataSet%2010/EFTA01619632.pdf,https://www.justice.gov/epstein/files/DataSet%2010/EFTA01619632,True,https://www.justice.gov/epstein/files/DataSet%2010/EFTA01619632.mov,mov,video,video/quicktime,206,ok via .mov
EFTA01619634,https://www.justice.gov/epstein/files/DataSet%2010/EFTA01619634.pdf,https://www.justice.gov/epstein/files/DataSet%2010/EFTA01619634,True,https://www.justice.gov/epstein/files/DataSet%2010/EFTA01619634.mov,mov,video,video/quicktime,206,ok via .mov
EFTA01620591,https://www.justice.gov/epstein/files/DataSet%2010/EFTA01620591.pdf,https://www.justice.gov/epstein/files/DataSet%2010/EFTA01620591,True,https://www.justice.gov/epstein/files/DataSet%2010/EFTA01620591.mov,mov,video,video/quicktime,206,ok via .mov
EFTA01620904,https://www.justice.gov/epstein/files/DataSet%2010/EFTA01620904.pdf,https://www.justice.gov/epstein/files/DataSet%2010/EFTA01620904,True,https://www.justice.gov/epstein/files/DataSet%2010/EFTA01620904.mp4,mp4,video_or_audio,video/mp4,206,ok via .mp4
EFTA01621007,https://www.justice.gov/epstein/files/DataSet%2010/EFTA01621007.pdf,https://www.justice.gov/epstein/files/DataSet%2010/EFTA01621007,True,https://www.justice.gov/epstein/files/DataSet%2010/EFTA01621007.mov,mov,video,video/quicktime,206,ok via .mov
EFTA01621009,https://www.justice.gov/epstein/files/DataSet%2010/EFTA01621009.pdf,https://www.justice.gov/epstein/files/DataSet%2010/EFTA01621009,True,https://www.justice.gov/epstein/files/DataSet%2010/EFTA01621009.mp4,mp4,video_or_audio,video/mp4,206,ok via .mp4
EFTA01621011,https://www.justice.gov/epstein/files/DataSet%2010/EFTA01621011.pdf,https://www.justice.gov/epstein/files/DataSet%2010/EFTA01621011,True,https://www.justice.gov/epstein/files/DataSet%2010/EFTA01621011.mp4,mp4,video_or_audio,video/mp4,206,ok via .mp4
EFTA01621013,https://www.justice.gov/epstein/files/DataSet%2010/EFTA01621013.pdf,https://www.justice.gov/epstein/files/DataSet%2010/EFTA01621013,True,https://www.justice.gov/epstein/files/DataSet%2010/EFTA01621013.mov,mov,video,video/quicktime,206,ok via .mov
EFTA01621014,https://www.justice.gov/epstein/files/DataSet%2010/EFTA01621014.pdf,https://www.justice.gov/epstein/files/DataSet%2010/EFTA01621014,True,https://www.justice.gov/epstein/files/DataSet%2010/EFTA01621014.mov,mov,video,video/quicktime,206,ok via .mov
EFTA01621015,https://www.justice.gov/epstein/files/DataSet%2010/EFTA01621015.pdf,https://www.justice.gov/epstein/files/DataSet%2010/EFTA01621015,True,https://www.justice.gov/epstein/files/DataSet%2010/EFTA01621015.mov,mov,video,video/quicktime,206,ok via .mov
EFTA01621017,https://www.justice.gov/epstein/files/DataSet%2010/EFTA01621017.pdf,https://www.justice.gov/epstein/files/DataSet%2010/EFTA01621017,True,https://www.justice.gov/epstein/files/DataSet%2010/EFTA01621017.mov,mov,video,video/quicktime,206,ok via .mov
EFTA01621019,https://www.justice.gov/epstein/files/DataSet%2010/EFTA01621019.pdf,https://www.justice.gov/epstein/files/DataSet%2010/EFTA01621019,True,https://www.justice.gov/epstein/files/DataSet%2010/EFTA01621019.mov,mov,video,video/quicktime,206,ok via .mov
EFTA01621020,https://www.justice.gov/epstein/files/DataSet%2010/EFTA01621020.pdf,https://www.justice.gov/epstein/files/DataSet%2010/EFTA01621020,True,https://www.justice.gov/epstein/files/DataSet%2010/EFTA01621020.mov,mov,video,video/quicktime,206,ok via .mov
EFTA01621021,https://www.justice.gov/epstein/files/DataSet%2010/EFTA01621021.pdf,https://www.justice.gov/epstein/files/DataSet%2010/EFTA01621021,True,https://www.justice.gov/epstein/files/DataSet%2010/EFTA01621021.mov,mov,video,video/quicktime,206,ok via .mov
EFTA01621022,https://www.justice.gov/epstein/files/DataSet%2010/EFTA01621022.pdf,https://www.justice.gov/epstein/files/DataSet%2010/EFTA01621022,True,https://www.justice.gov/epstein/files/DataSet%2010/EFTA01621022.mov,mov,video,video/quicktime,206,ok via .mov
EFTA01621025,https://www.justice.gov/epstein/files/DataSet%2010/EFTA01621025.pdf,https://www.justice.gov/epstein/files/DataSet%2010/EFTA01621025,True,https://www.justice.gov/epstein/files/DataSet%2010/EFTA01621025.mov,mov,video,video/quicktime,206,ok via .mov
EFTA01621026,https://www.justice.gov/epstein/files/DataSet%2010/EFTA01621026.pdf,https://www.justice.gov/epstein/files/DataSet%2010/EFTA01621026,True,https://www.justice.gov/epstein/files/DataSet%2010/EFTA01621026.mov,mov,video,video/quicktime,206,ok via .mov
EFTA01621027,https://www.justice.gov/epstein/files/DataSet%2010/EFTA01621027.pdf,https://www.justice.gov/epstein/files/DataSet%2010/EFTA01621027,True,https://www.justice.gov/epstein/files/DataSet%2010/EFTA01621027.mov,mov,video,video/quicktime,206,ok via .mov
EFTA01621030,https://www.justice.gov/epstein/files/DataSet%2010/EFTA01621030.pdf,https://www.justice.gov/epstein/files/DataSet%2010/EFTA01621030,True,https://www.justice.gov/epstein/files/DataSet%2010/EFTA01621030.mov,mov,video,video/quicktime,206,ok via .mov
EFTA01621031,https://www.justice.gov/epstein/files/DataSet%2010/EFTA01621031.pdf,https://www.justice.gov/epstein/files/DataSet%2010/EFTA01621031,True,https://www.justice.gov/epstein/files/DataSet%2010/EFTA01621031.mov,mov,video,video/quicktime,206,ok via .mov
EFTA01621032,https://www.justice.gov/epstein/files/DataSet%2010/EFTA01621032.pdf,https://www.justice.gov/epstein/files/DataSet%2010/EFTA01621032,True,https://www.justice.gov/epstein/files/DataSet%2010/EFTA01621032.mov,mov,video,video/quicktime,206,ok via .mov
EFTA01621035,https://www.justice.gov/epstein/files/DataSet%2010/EFTA01621035.pdf,https://www.justice.gov/epstein/files/DataSet%2010/EFTA01621035,True,https://www.justice.gov/epstein/files/DataSet%2010/EFTA01621035.mov,mov,video,video/quicktime,206,ok via .mov
EFTA01621036,https://www.justice.gov/epstein/files/DataSet%2010/EFTA01621036.pdf,https://www.justice.gov/epstein/files/DataSet%2010/EFTA01621036,True,https://www.justice.gov/epstein/files/DataSet%2010/EFTA01621036.mov,mov,video,video/quicktime,206,ok via .mov
EFTA01621037,https://www.justice.gov/epstein/files/DataSet%2010/EFTA01621037.pdf,https://www.justice.gov/epstein/files/DataSet%2010/EFTA01621037,True,https://www.justice.gov/epstein/files/DataSet%2010/EFTA01621037.mov,mov,video,video/quicktime,206,ok via .mov
EFTA01621038,https://www.justice.gov/epstein/files/DataSet%2010/EFTA01621038.pdf,https://www.justice.gov/epstein/files/DataSet%2010/EFTA01621038,True,https://www.justice.gov/epstein/files/DataSet%2010/EFTA01621038.mov,mov,video,video/quicktime,206,ok via .mov
EFTA01621039,https://www.justice.gov/epstein/files/DataSet%2010/EFTA01621039.pdf,https://www.justice.gov/epstein/files/DataSet%2010/EFTA01621039,True,https://www.justice.gov/epstein/files/DataSet%2010/EFTA01621039.mov,mov,video,video/quicktime,206,ok via .mov
EFTA01621040,https://www.justice.gov/epstein/files/DataSet%2010/EFTA01621040.pdf,https://www.justice.gov/epstein/files/DataSet%2010/EFTA01621040,True,https://www.justice.gov/epstein/files/DataSet%2010/EFTA01621040.mov,mov,video,video/quicktime,206,ok via .mov
EFTA01621041,https://www.justice.gov/epstein/files/DataSet%2010/EFTA01621041.pdf,https://www.justice.gov/epstein/files/DataSet%2010/EFTA01621041,True,https://www.justice.gov/epstein/files/DataSet%2010/EFTA01621041.mov,mov,video,video/quicktime,206,ok via .mov
EFTA01621042,https://www.justice.gov/epstein/files/DataSet%2010/EFTA01621042.pdf,https://www.justice.gov/epstein/files/DataSet%2010/EFTA01621042,True,https://www.justice.gov/epstein/files/DataSet%2010/EFTA01621042.mov,mov,video,video/quicktime,206,ok via .mov
EFTA01621043,https://www.justice.gov/epstein/files/DataSet%2010/EFTA01621043.pdf,https://www.justice.gov/epstein/files/DataSet%2010/EFTA01621043,True,https://www.justice.gov/epstein/files/DataSet%2010/EFTA01621043.mov,mov,video,video/quicktime,206,ok via .mov
EFTA01621044,https://www.justice.gov/epstein/files/DataSet%2010/EFTA01621044.pdf,https://www.justice.gov/epstein/files/DataSet%2010/EFTA01621044,True,https://www.justice.gov/epstein/files/DataSet%2010/EFTA01621044.mov,mov,video,video/quicktime,206,ok via .mov
EFTA01621045,https://www.justice.gov/epstein/files/DataSet%2010/EFTA01621045.pdf,https://www.justice.gov/epstein/files/DataSet%2010/EFTA01621045,True,https://www.justice.gov/epstein/files/DataSet%2010/EFTA01621045.mov,mov,video,video/quicktime,206,ok via .mov
EFTA01621047,https://www.justice.gov/epstein/files/DataSet%2010/EFTA01621047.pdf,https://www.justice.gov/epstein/files/DataSet%2010/EFTA01621047,True,https://www.justice.gov/epstein/files/DataSet%2010/EFTA01621047.mov,mov,video,video/quicktime,206,ok via .mov
EFTA01621048,https://www.justice.gov/epstein/files/DataSet%2010/EFTA01621048.pdf,https://www.justice.gov/epstein/files/DataSet%2010/EFTA01621048,True,https://www.justice.gov/epstein/files/DataSet%2010/EFTA01621048.mov,mov,video,video/quicktime,206,ok via .mov
EFTA01621049,https://www.justice.gov/epstein/files/DataSet%2010/EFTA01621049.pdf,https://www.justice.gov/epstein/files/DataSet%2010/EFTA01621049,True,https://www.justice.gov/epstein/files/DataSet%2010/EFTA01621049.mov,mov,video,video/quicktime,206,ok via .mov
EFTA01621051,https://www.justice.gov/epstein/files/DataSet%2010/EFTA01621051.pdf,https://www.justice.gov/epstein/files/DataSet%2010/EFTA01621051,True,https://www.justice.gov/epstein/files/DataSet%2010/EFTA01621051.mov,mov,video,video/quicktime,206,ok via .mov
EFTA01621052,https://www.justice.gov/epstein/files/DataSet%2010/EFTA01621052.pdf,https://www.justice.gov/epstein/files/DataSet%2010/EFTA01621052,True,https://www.justice.gov/epstein/files/DataSet%2010/EFTA01621052.mov,mov,video,video/quicktime,206,ok via .mov
EFTA01621053,https://www.justice.gov/epstein/files/DataSet%2010/EFTA01621053.pdf,https://www.justice.gov/epstein/files/DataSet%2010/EFTA01621053,True,https://www.justice.gov/epstein/files/DataSet%2010/EFTA01621053.mov,mov,video,video/quicktime,206,ok via .mov
EFTA01621054,https://www.justice.gov/epstein/files/DataSet%2010/EFTA01621054.pdf,https://www.justice.gov/epstein/files/DataSet%2010/EFTA01621054,True,https://www.justice.gov/epstein/files/DataSet%2010/EFTA01621054.mov,mov,video,video/quicktime,206,ok via .mov
EFTA01621056,https://www.justice.gov/epstein/files/DataSet%2010/EFTA01621056.pdf,https://www.justice.gov/epstein/files/DataSet%2010/EFTA01621056,True,https://www.justice.gov/epstein/files/DataSet%2010/EFTA01621056.mov,mov,video,video/quicktime,206,ok via .mov
EFTA01621057,https://www.justice.gov/epstein/files/DataSet%2010/EFTA01621057.pdf,https://www.justice.gov/epstein/files/DataSet%2010/EFTA01621057,True,https://www.justice.gov/epstein/files/DataSet%2010/EFTA01621057.mov,mov,video,video/quicktime,206,ok via .mov
EFTA01621059,https://www.justice.gov/epstein/files/DataSet%2010/EFTA01621059.pdf,https://www.justice.gov/epstein/files/DataSet%2010/EFTA01621059,True,https://www.justice.gov/epstein/files/DataSet%2010/EFTA01621059.mov,mov,video,video/quicktime,206,ok via .mov
EFTA01621061,https://www.justice.gov/epstein/files/DataSet%2010/EFTA01621061.pdf,https://www.justice.gov/epstein/files/DataSet%2010/EFTA01621061,True,https://www.justice.gov/epstein/files/DataSet%2010/EFTA01621061.mov,mov,video,video/quicktime,206,ok via .mov
EFTA01621063,https://www.justice.gov/epstein/files/DataSet%2010/EFTA01621063.pdf,https://www.justice.gov/epstein/files/DataSet%2010/EFTA01621063,True,https://www.justice.gov/epstein/files/DataSet%2010/EFTA01621063.mov,mov,video,video/quicktime,206,ok via .mov
EFTA01621064,https://www.justice.gov/epstein/files/DataSet%2010/EFTA01621064.pdf,https://www.justice.gov/epstein/files/DataSet%2010/EFTA01621064,True,https://www.justice.gov/epstein/files/DataSet%2010/EFTA01621064.mov,mov,video,video/quicktime,206,ok via .mov
EFTA01621065,https://www.justice.gov/epstein/files/DataSet%2010/EFTA01621065.pdf,https://www.justice.gov/epstein/files/DataSet%2010/EFTA01621065,True,https://www.justice.gov/epstein/files/DataSet%2010/EFTA01621065.mov,mov,video,video/quicktime,206,ok via .mov
EFTA01621066,https://www.justice.gov/epstein/files/DataSet%2010/EFTA01621066.pdf,https://www.justice.gov/epstein/files/DataSet%2010/EFTA01621066,True,https://www.justice.gov/epstein/files/DataSet%2010/EFTA01621066.mov,mov,video,video/quicktime,206,ok via .mov
EFTA01621067,https://www.justice.gov/epstein/files/DataSet%2010/EFTA01621067.pdf,https://www.justice.gov/epstein/files/DataSet%2010/EFTA01621067,True,https://www.justice.gov/epstein/files/DataSet%2010/EFTA01621067.mov,mov,video,video/quicktime,206,ok via .mov
EFTA01621068,https://www.justice.gov/epstein/files/DataSet%2010/EFTA01621068.pdf,https://www.justice.gov/epstein/files/DataSet%2010/EFTA01621068,True,https://www.justice.gov/epstein/files/DataSet%2010/EFTA01621068.mov,mov,video,video/quicktime,206,ok via .mov
EFTA01621069,https://www.justice.gov/epstein/files/DataSet%2010/EFTA01621069.pdf,https://www.justice.gov/epstein/files/DataSet%2010/EFTA01621069,True,https://www.justice.gov/epstein/files/DataSet%2010/EFTA01621069.mov,mov,video,video/quicktime,206,ok via .mov
EFTA01621071,https://www.justice.gov/epstein/files/DataSet%2010/EFTA01621071.pdf,https://www.justice.gov/epstein/files/DataSet%2010/EFTA01621071,True,https://www.justice.gov/epstein/files/DataSet%2010/EFTA01621071.mov,mov,video,video/quicktime,206,ok via .mov
EFTA01621073,https://www.justice.gov/epstein/files/DataSet%2010/EFTA01621073.pdf,https://www.justice.gov/epstein/files/DataSet%2010/EFTA01621073,True,https://www.justice.gov/epstein/files/DataSet%2010/EFTA01621073.mov,mov,video,video/quicktime,206,ok via .mov
EFTA01621074,https://www.justice.gov/epstein/files/DataSet%2010/EFTA01621074.pdf,https://www.justice.gov/epstein/files/DataSet%2010/EFTA01621074,True,https://www.justice.gov/epstein/files/DataSet%2010/EFTA01621074.mov,mov,video,video/quicktime,206,ok via .mov
EFTA01621075,https://www.justice.gov/epstein/files/DataSet%2010/EFTA01621075.pdf,https://www.justice.gov/epstein/files/DataSet%2010/EFTA01621075,True,https://www.justice.gov/epstein/files/DataSet%2010/EFTA01621075.mov,mov,video,video/quicktime,206,ok via .mov
EFTA01621076,https://www.justice.gov/epstein/files/DataSet%2010/EFTA01621076.pdf,https://www.justice.gov/epstein/files/DataSet%2010/EFTA01621076,True,https://www.justice.gov/epstein/files/DataSet%2010/EFTA01621076.mov,mov,video,video/quicktime,206,ok via .mov
EFTA01621077,https://www.justice.gov/epstein/files/DataSet%2010/EFTA01621077.pdf,https://www.justice.gov/epstein/files/DataSet%2010/EFTA01621077,True,https://www.justice.gov/epstein/files/DataSet%2010/EFTA01621077.mov,mov,video,video/quicktime,206,ok via .mov
EFTA01621078,https://www.justice.gov/epstein/files/DataSet%2010/EFTA01621078.pdf,https://www.justice.gov/epstein/files/DataSet%2010/EFTA01621078,True,https://www.justice.gov/epstein/files/DataSet%2010/EFTA01621078.mov,mov,video,video/quicktime,206,ok via .mov
EFTA01621079,https://www.justice.gov/epstein/files/DataSet%2010/EFTA01621079.pdf,https://www.justice.gov/epstein/files/DataSet%2010/EFTA01621079,True,https://www.justice.gov/epstein/files/DataSet%2010/EFTA01621079.mov,mov,video,video/quicktime,206,ok via .mov
EFTA01621082,https://www.justice.gov/epstein/files/DataSet%2010/EFTA01621082.pdf,https://www.justice.gov/epstein/files/DataSet%2010/EFTA01621082,True,https://www.justice.gov/epstein/files/DataSet%2010/EFTA01621082.mov,mov,video,video/quicktime,206,ok via .mov
EFTA01621083,https://www.justice.gov/epstein/files/DataSet%2010/EFTA01621083.pdf,https://www.justice.gov/epstein/files/DataSet%2010/EFTA01621083,True,https://www.justice.gov/epstein/files/DataSet%2010/EFTA01621083.mov,mov,video,video/quicktime,206,ok via .mov
EFTA01621084,https://www.justice.gov/epstein/files/DataSet%2010/EFTA01621084.pdf,https://www.justice.gov/epstein/files/DataSet%2010/EFTA01621084,True,https://www.justice.gov/epstein/files/DataSet%2010/EFTA01621084.mov,mov,video,video/quicktime,206,ok via .mov
EFTA01621085,https://www.justice.gov/epstein/files/DataSet%2010/EFTA01621085.pdf,https://www.justice.gov/epstein/files/DataSet%2010/EFTA01621085,True,https://www.justice.gov/epstein/files/DataSet%2010/EFTA01621085.mov,mov,video,video/quicktime,206,ok via .mov
EFTA01621086,https://www.justice.gov/epstein/files/DataSet%2010/EFTA01621086.pdf,https://www.justice.gov/epstein/files/DataSet%2010/EFTA01621086,True,https://www.justice.gov/epstein/files/DataSet%2010/EFTA01621086.mov,mov,video,video/quicktime,206,ok via .mov
EFTA01621087,https://www.justice.gov/epstein/files/DataSet%2010/EFTA01621087.pdf,https://www.justice.gov/epstein/files/DataSet%2010/EFTA01621087,True,https://www.justice.gov/epstein/files/DataSet%2010/EFTA01621087.mov,mov,video,video/quicktime,206,ok via .mov
EFTA01621089,https://www.justice.gov/epstein/files/DataSet%2010/EFTA01621089.pdf,https://www.justice.gov/epstein/files/DataSet%2010/EFTA01621089,True,https://www.justice.gov/epstein/files/DataSet%2010/EFTA01621089.mov,mov,video,video/quicktime,206,ok via .mov
EFTA01621091,https://www.justice.gov/epstein/files/DataSet%2010/EFTA01621091.pdf,https://www.justice.gov/epstein/files/DataSet%2010/EFTA01621091,True,https://www.justice.gov/epstein/files/DataSet%2010/EFTA01621091.mov,mov,video,video/quicktime,206,ok via .mov
EFTA01621092,https://www.justice.gov/epstein/files/DataSet%2010/EFTA01621092.pdf,https://www.justice.gov/epstein/files/DataSet%2010/EFTA01621092,True,https://www.justice.gov/epstein/files/DataSet%2010/EFTA01621092.mov,mov,video,video/quicktime,206,ok via .mov
EFTA01621093,https://www.justice.gov/epstein/files/DataSet%2010/EFTA01621093.pdf,https://www.justice.gov/epstein/files/DataSet%2010/EFTA01621093,True,https://www.justice.gov/epstein/files/DataSet%2010/EFTA01621093.mov,mov,video,video/quicktime,206,ok via .mov
EFTA01621094,https://www.justice.gov/epstein/files/DataSet%2010/EFTA01621094.pdf,https://www.justice.gov/epstein/files/DataSet%2010/EFTA01621094,True,https://www.justice.gov/epstein/files/DataSet%2010/EFTA01621094.mov,mov,video,video/quicktime,206,ok via .mov
EFTA01621095,https://www.justice.gov/epstein/files/DataSet%2010/EFTA01621095.pdf,https://www.justice.gov/epstein/files/DataSet%2010/EFTA01621095,True,https://www.justice.gov/epstein/files/DataSet%2010/EFTA01621095.mov,mov,video,video/quicktime,206,ok via .mov
EFTA01621096,https://www.justice.gov/epstein/files/DataSet%2010/EFTA01621096.pdf,https://www.justice.gov/epstein/files/DataSet%2010/EFTA01621096,True,https://www.justice.gov/epstein/files/DataSet%2010/EFTA01621096.mov,mov,video,video/quicktime,206,ok via .mov
EFTA01621097,https://www.justice.gov/epstein/files/DataSet%2010/EFTA01621097.pdf,https://www.justice.gov/epstein/files/DataSet%2010/EFTA01621097,True,https://www.justice.gov/epstein/files/DataSet%2010/EFTA01621097.mov,mov,video,video/quicktime,206,ok via .mov
EFTA01621098,https://www.justice.gov/epstein/files/DataSet%2010/EFTA01621098.pdf,https://www.justice.gov/epstein/files/DataSet%2010/EFTA01621098,True,https://www.justice.gov/epstein/files/DataSet%2010/EFTA01621098.mov,mov,video,video/quicktime,206,ok via .mov
EFTA01621099,https://www.justice.gov/epstein/files/DataSet%2010/EFTA01621099.pdf,https://www.justice.gov/epstein/files/DataSet%2010/EFTA01621099,True,https://www.justice.gov/epstein/files/DataSet%2010/EFTA01621099.mov,mov,video,video/quicktime,206,ok via .mov
EFTA01621100,https://www.justice.gov/epstein/files/DataSet%2010/EFTA01621100.pdf,https://www.justice.gov/epstein/files/DataSet%2010/EFTA01621100,True,https://www.justice.gov/epstein/files/DataSet%2010/EFTA01621100.mov,mov,video,video/quicktime,206,ok via .mov
EFTA01621101,https://www.justice.gov/epstein/files/DataSet%2010/EFTA01621101.pdf,https://www.justice.gov/epstein/files/DataSet%2010/EFTA01621101,True,https://www.justice.gov/epstein/files/DataSet%2010/EFTA01621101.mov,mov,video,video/quicktime,206,ok via .mov
EFTA01621102,https://www.justice.gov/epstein/files/DataSet%2010/EFTA01621102.pdf,https://www.justice.gov/epstein/files/DataSet%2010/EFTA01621102,True,https://www.justice.gov/epstein/files/DataSet%2010/EFTA01621102.mov,mov,video,video/quicktime,206,ok via .mov
EFTA01621103,https://www.justice.gov/epstein/files/DataSet%2010/EFTA01621103.pdf,https://www.justice.gov/epstein/files/DataSet%2010/EFTA01621103,True,https://www.justice.gov/epstein/files/DataSet%2010/EFTA01621103.mov,mov,video,video/quicktime,206,ok via .mov
EFTA01621105,https://www.justice.gov/epstein/files/DataSet%2010/EFTA01621105.pdf,https://www.justice.gov/epstein/files/DataSet%2010/EFTA01621105,True,https://www.justice.gov/epstein/files/DataSet%2010/EFTA01621105.mov,mov,video,video/quicktime,206,ok via .mov
EFTA01621106,https://www.justice.gov/epstein/files/DataSet%2010/EFTA01621106.pdf,https://www.justice.gov/epstein/files/DataSet%2010/EFTA01621106,True,https://www.justice.gov/epstein/files/DataSet%2010/EFTA01621106.mov,mov,video,video/quicktime,206,ok via .mov
EFTA01621167,https://www.justice.gov/epstein/files/DataSet%2010/EFTA01621167.pdf,https://www.justice.gov/epstein/files/DataSet%2010/EFTA01621167,True,https://www.justice.gov/epstein/files/DataSet%2010/EFTA01621167.mov,mov,video,video/quicktime,206,ok via .mov
EFTA01621168,https://www.justice.gov/epstein/files/DataSet%2010/EFTA01621168.pdf,https://www.justice.gov/epstein/files/DataSet%2010/EFTA01621168,True,https://www.justice.gov/epstein/files/DataSet%2010/EFTA01621168.mov,mov,video,video/quicktime,206,ok via .mov
EFTA01621169,https://www.justice.gov/epstein/files/DataSet%2010/EFTA01621169.pdf,https://www.justice.gov/epstein/files/DataSet%2010/EFTA01621169,True,https://www.justice.gov/epstein/files/DataSet%2010/EFTA01621169.mov,mov,video,video/quicktime,206,ok via .mov
EFTA01621228,https://www.justice.gov/epstein/files/DataSet%2010/EFTA01621228.pdf,https://www.justice.gov/epstein/files/DataSet%2010/EFTA01621228,True,https://www.justice.gov/epstein/files/DataSet%2010/EFTA01621228.mov,mov,video,video/quicktime,206,ok via .mov
EFTA01621919,https://www.justice.gov/epstein/files/DataSet%2010/EFTA01621919.pdf,https://www.justice.gov/epstein/files/DataSet%2010/EFTA01621919,True,https://www.justice.gov/epstein/files/DataSet%2010/EFTA01621919.mov,mov,video,video/quicktime,206,ok via .mov
EFTA01621920,https://www.justice.gov/epstein/files/DataSet%2010/EFTA01621920.pdf,https://www.justice.gov/epstein/files/DataSet%2010/EFTA01621920,True,https://www.justice.gov/epstein/files/DataSet%2010/EFTA01621920.mov,mov,video,video/quicktime,206,ok via .mov
EFTA01622052,https://www.justice.gov/epstein/files/DataSet%2010/EFTA01622052.pdf,https://www.justice.gov/epstein/files/DataSet%2010/EFTA01622052,True,https://www.justice.gov/epstein/files/DataSet%2010/EFTA01622052.mov,mov,video,video/quicktime,206,ok via .mov
EFTA01622053,https://www.justice.gov/epstein/files/DataSet%2010/EFTA01622053.pdf,https://www.justice.gov/epstein/files/DataSet%2010/EFTA01622053,True,https://www.justice.gov/epstein/files/DataSet%2010/EFTA01622053.mov,mov,video,video/quicktime,206,ok via .mov
EFTA01622054,https://www.justice.gov/epstein/files/DataSet%2010/EFTA01622054.pdf,https://www.justice.gov/epstein/files/DataSet%2010/EFTA01622054,True,https://www.justice.gov/epstein/files/DataSet%2010/EFTA01622054.mov,mov,video,video/quicktime,206,ok via .mov
EFTA01622055,https://www.justice.gov/epstein/files/DataSet%2010/EFTA01622055.pdf,https://www.justice.gov/epstein/files/DataSet%2010/EFTA01622055,True,https://www.justice.gov/epstein/files/DataSet%2010/EFTA01622055.mov,mov,video,video/quicktime,206,ok via .mov
EFTA01624248,https://www.justice.gov/epstein/files/DataSet%2010/EFTA01624248.pdf,https://www.justice.gov/epstein/files/DataSet%2010/EFTA01624248,True,https://www.justice.gov/epstein/files/DataSet%2010/EFTA01624248.mov,mov,video,video/quicktime,206,ok via .mov
EFTA01624279,https://www.justice.gov/epstein/files/DataSet%2010/EFTA01624279.pdf,https://www.justice.gov/epstein/files/DataSet%2010/EFTA01624279,True,https://www.justice.gov/epstein/files/DataSet%2010/EFTA01624279.mov,mov,video,video/quicktime,206,ok via .mov
EFTA01648441,https://www.justice.gov/epstein/files/DataSet%2010/EFTA01648441.pdf,https://www.justice.gov/epstein/files/DataSet%2010/EFTA01648441,True,https://www.justice.gov/epstein/files/DataSet%2010/EFTA01648441.mp4,mp4,video_or_audio,video/mp4,206,ok via .mp4
EFTA01648442,https://www.justice.gov/epstein/files/DataSet%2010/EFTA01648442.pdf,https://www.justice.gov/epstein/files/DataSet%2010/EFTA01648442,True,https://www.justice.gov/epstein/files/DataSet%2010/EFTA01648442.mp4,mp4,video_or_audio,video/mp4,206,ok via .mp4
EFTA01648443,https://www.justice.gov/epstein/files/DataSet%2010/EFTA01648443.pdf,https://www.justice.gov/epstein/files/DataSet%2010/EFTA01648443,True,https://www.justice.gov/epstein/files/DataSet%2010/EFTA01648443.mp4,mp4,video_or_audio,video/mp4,206,ok via .mp4
EFTA01648444,https://www.justice.gov/epstein/files/DataSet%2010/EFTA01648444.pdf,https://www.justice.gov/epstein/files/DataSet%2010/EFTA01648444,True,https://www.justice.gov/epstein/files/DataSet%2010/EFTA01648444.mp4,mp4,video_or_audio,video/mp4,206,ok via .mp4
EFTA01648445,https://www.justice.gov/epstein/files/DataSet%2010/EFTA01648445.pdf,https://www.justice.gov/epstein/files/DataSet%2010/EFTA01648445,True,https://www.justice.gov/epstein/files/DataSet%2010/EFTA01648445.mp4,mp4,video_or_audio,video/mp4,206,ok via .mp4
EFTA01648446,https://www.justice.gov/epstein/files/DataSet%2010/EFTA01648446.pdf,https://www.justice.gov/epstein/files/DataSet%2010/EFTA01648446,True,https://www.justice.gov/epstein/files/DataSet%2010/EFTA01648446.mp4,mp4,video_or_audio,video/mp4,206,ok via .mp4
EFTA01648447,https://www.justice.gov/epstein/files/DataSet%2010/EFTA01648447.pdf,https://www.justice.gov/epstein/files/DataSet%2010/EFTA01648447,True,https://www.justice.gov/epstein/files/DataSet%2010/EFTA01648447.mp4,mp4,video_or_audio,video/mp4,206,ok via .mp4
EFTA01648448,https://www.justice.gov/epstein/files/DataSet%2010/EFTA01648448.pdf,https://www.justice.gov/epstein/files/DataSet%2010/EFTA01648448,True,https://www.justice.gov/epstein/files/DataSet%2010/EFTA01648448.mp4,mp4,video_or_audio,video/mp4,206,ok via .mp4
EFTA01648449,https://www.justice.gov/epstein/files/DataSet%2010/EFTA01648449.pdf,https://www.justice.gov/epstein/files/DataSet%2010/EFTA01648449,True,https://www.justice.gov/epstein/files/DataSet%2010/EFTA01648449.mp4,mp4,video_or_audio,video/mp4,206,ok via .mp4
EFTA01648450,https://www.justice.gov/epstein/files/DataSet%2010/EFTA01648450.pdf,https://www.justice.gov/epstein/files/DataSet%2010/EFTA01648450,True,https://www.justice.gov/epstein/files/DataSet%2010/EFTA01648450.mp4,mp4,video_or_audio,video/mp4,206,ok via .mp4
EFTA01648451,https://www.justice.gov/epstein/files/DataSet%2010/EFTA01648451.pdf,https://www.justice.gov/epstein/files/DataSet%2010/EFTA01648451,True,https://www.justice.gov/epstein/files/DataSet%2010/EFTA01648451.mp4,mp4,video_or_audio,video/mp4,206,ok via .mp4
EFTA01648452,https://www.justice.gov/epstein/files/DataSet%2010/EFTA01648452.pdf,https://www.justice.gov/epstein/files/DataSet%2010/EFTA01648452,True,https://www.justice.gov/epstein/files/DataSet%2010/EFTA01648452.mp4,mp4,video_or_audio,video/mp4,206,ok via .mp4
EFTA01648456,https://www.justice.gov/epstein/files/DataSet%2010/EFTA01648456.pdf,https://www.justice.gov/epstein/files/DataSet%2010/EFTA01648456,True,https://www.justice.gov/epstein/files/DataSet%2010/EFTA01648456.mp4,mp4,video_or_audio,video/mp4,206,ok via .mp4
EFTA01648458,https://www.justice.gov/epstein/files/DataSet%2010/EFTA01648458.pdf,https://www.justice.gov/epstein/files/DataSet%2010/EFTA01648458,True,https://www.justice.gov/epstein/files/DataSet%2010/EFTA01648458.mp4,mp4,video_or_audio,video/mp4,206,ok via .mp4
EFTA01648459,https://www.justice.gov/epstein/files/DataSet%2010/EFTA01648459.pdf,https://www.justice.gov/epstein/files/DataSet%2010/EFTA01648459,True,https://www.justice.gov/epstein/files/DataSet%2010/EFTA01648459.mp4,mp4,video_or_audio,video/mp4,206,ok via .mp4
EFTA01648461,https://www.justice.gov/epstein/files/DataSet%2010/EFTA01648461.pdf,https://www.justice.gov/epstein/files/DataSet%2010/EFTA01648461,True,https://www.justice.gov/epstein/files/DataSet%2010/EFTA01648461.mp4,mp4,video_or_audio,video/mp4,206,ok via .mp4
EFTA01648462,https://www.justice.gov/epstein/files/DataSet%2010/EFTA01648462.pdf,https://www.justice.gov/epstein/files/DataSet%2010/EFTA01648462,True,https://www.justice.gov/epstein/files/DataSet%2010/EFTA01648462.mp4,mp4,video_or_audio,video/mp4,206,ok via .mp4
EFTA01648463,https://www.justice.gov/epstein/files/DataSet%2010/EFTA01648463.pdf,https://www.justice.gov/epstein/files/DataSet%2010/EFTA01648463,True,https://www.justice.gov/epstein/files/DataSet%2010/EFTA01648463.mp4,mp4,video_or_audio,video/mp4,206,ok via .mp4
EFTA01648464,https://www.justice.gov/epstein/files/DataSet%2010/EFTA01648464.pdf,https://www.justice.gov/epstein/files/DataSet%2010/EFTA01648464,True,https://www.justice.gov/epstein/files/DataSet%2010/EFTA01648464.mp4,mp4,video_or_audio,video/mp4,206,ok via .mp4
EFTA01648465,https://www.justice.gov/epstein/files/DataSet%2010/EFTA01648465.pdf,https://www.justice.gov/epstein/files/DataSet%2010/EFTA01648465,True,https://www.justice.gov/epstein/files/DataSet%2010/EFTA01648465.mp4,mp4,video_or_audio,video/mp4,206,ok via .mp4
EFTA01648466,https://www.justice.gov/epstein/files/DataSet%2010/EFTA01648466.pdf,https://www.justice.gov/epstein/files/DataSet%2010/EFTA01648466,True,https://www.justice.gov/epstein/files/DataSet%2010/EFTA01648466.mp4,mp4,video_or_audio,video/mp4,206,ok via .mp4
EFTA01648467,https://www.justice.gov/epstein/files/DataSet%2010/EFTA01648467.pdf,https://www.justice.gov/epstein/files/DataSet%2010/EFTA01648467,True,https://www.justice.gov/epstein/files/DataSet%2010/EFTA01648467.mp4,mp4,video_or_audio,video/mp4,206,ok via .mp4
EFTA01648468,https://www.justice.gov/epstein/files/DataSet%2010/EFTA01648468.pdf,https://www.justice.gov/epstein/files/DataSet%2010/EFTA01648468,True,https://www.justice.gov/epstein/files/DataSet%2010/EFTA01648468.mp4,mp4,video_or_audio,video/mp4,206,ok via .mp4
EFTA01648469,https://www.justice.gov/epstein/files/DataSet%2010/EFTA01648469.pdf,https://www.justice.gov/epstein/files/DataSet%2010/EFTA01648469,True,https://www.justice.gov/epstein/files/DataSet%2010/EFTA01648469.mp4,mp4,video_or_audio,video/mp4,206,ok via .mp4
EFTA01648470,https://www.justice.gov/epstein/files/DataSet%2010/EFTA01648470.pdf,https://www.justice.gov/epstein/files/DataSet%2010/EFTA01648470,True,https://www.justice.gov/epstein/files/DataSet%2010/EFTA01648470.mp4,mp4,video_or_audio,video/mp4,206,ok via .mp4
EFTA01648471,https://www.justice.gov/epstein/files/DataSet%2010/EFTA01648471.pdf,https://www.justice.gov/epstein/files/DataSet%2010/EFTA01648471,True,https://www.justice.gov/epstein/files/DataSet%2010/EFTA01648471.mp4,mp4,video_or_audio,video/mp4,206,ok via .mp4
EFTA01648472,https://www.justice.gov/epstein/files/DataSet%2010/EFTA01648472.pdf,https://www.justice.gov/epstein/files/DataSet%2010/EFTA01648472,True,https://www.justice.gov/epstein/files/DataSet%2010/EFTA01648472.mp4,mp4,video_or_audio,video/mp4,206,ok via .mp4
EFTA01648473,https://www.justice.gov/epstein/files/DataSet%2010/EFTA01648473.pdf,https://www.justice.gov/epstein/files/DataSet%2010/EFTA01648473,True,https://www.justice.gov/epstein/files/DataSet%2010/EFTA01648473.mp4,mp4,video_or_audio,video/mp4,206,ok via .mp4
EFTA01648476,https://www.justice.gov/epstein/files/DataSet%2010/EFTA01648476.pdf,https://www.justice.gov/epstein/files/DataSet%2010/EFTA01648476,True,https://www.justice.gov/epstein/files/DataSet%2010/EFTA01648476.mp4,mp4,video_or_audio,video/mp4,206,ok via .mp4
EFTA01648478,https://www.justice.gov/epstein/files/DataSet%2010/EFTA01648478.pdf,https://www.justice.gov/epstein/files/DataSet%2010/EFTA01648478,True,https://www.justice.gov/epstein/files/DataSet%2010/EFTA01648478.mp4,mp4,video_or_audio,video/mp4,206,ok via .mp4
EFTA01648480,https://www.justice.gov/epstein/files/DataSet%2010/EFTA01648480.pdf,https://www.justice.gov/epstein/files/DataSet%2010/EFTA01648480,True,https://www.justice.gov/epstein/files/DataSet%2010/EFTA01648480.mp4,mp4,video_or_audio,video/mp4,206,ok via .mp4
EFTA01648481,https://www.justice.gov/epstein/files/DataSet%2010/EFTA01648481.pdf,https://www.justice.gov/epstein/files/DataSet%2010/EFTA01648481,True,https://www.justice.gov/epstein/files/DataSet%2010/EFTA01648481.mp4,mp4,video_or_audio,video/mp4,206,ok via .mp4
EFTA01648485,https://www.justice.gov/epstein/files/DataSet%2010/EFTA01648485.pdf,https://www.justice.gov/epstein/files/DataSet%2010/EFTA01648485,True,https://www.justice.gov/epstein/files/DataSet%2010/EFTA01648485.mp4,mp4,video_or_audio,video/mp4,206,ok via .mp4
EFTA01648486,https://www.justice.gov/epstein/files/DataSet%2010/EFTA01648486.pdf,https://www.justice.gov/epstein/files/DataSet%2010/EFTA01648486,True,https://www.justice.gov/epstein/files/DataSet%2010/EFTA01648486.mp4,mp4,video_or_audio,video/mp4,206,ok via .mp4
EFTA01648487,https://www.justice.gov/epstein/files/DataSet%2010/EFTA01648487.pdf,https://www.justice.gov/epstein/files/DataSet%2010/EFTA01648487,True,https://www.justice.gov/epstein/files/DataSet%2010/EFTA01648487.mp4,mp4,video_or_audio,video/mp4,206,ok via .mp4
EFTA01648488,https://www.justice.gov/epstein/files/DataSet%2010/EFTA01648488.pdf,https://www.justice.gov/epstein/files/DataSet%2010/EFTA01648488,True,https://www.justice.gov/epstein/files/DataSet%2010/EFTA01648488.mp4,mp4,video_or_audio,video/mp4,206,ok via .mp4
EFTA01648489,https://www.justice.gov/epstein/files/DataSet%2010/EFTA01648489.pdf,https://www.justice.gov/epstein/files/DataSet%2010/EFTA01648489,True,https://www.justice.gov/epstein/files/DataSet%2010/EFTA01648489.mp4,mp4,video_or_audio,video/mp4,206,ok via .mp4
EFTA01648492,https://www.justice.gov/epstein/files/DataSet%2010/EFTA01648492.pdf,https://www.justice.gov/epstein/files/DataSet%2010/EFTA01648492,True,https://www.justice.gov/epstein/files/DataSet%2010/EFTA01648492.mp4,mp4,video_or_audio,video/mp4,206,ok via .mp4
EFTA01648493,https://www.justice.gov/epstein/files/DataSet%2010/EFTA01648493.pdf,https://www.justice.gov/epstein/files/DataSet%2010/EFTA01648493,True,https://www.justice.gov/epstein/files/DataSet%2010/EFTA01648493.mp4,mp4,video_or_audio,video/mp4,206,ok via .mp4
EFTA01648495,https://www.justice.gov/epstein/files/DataSet%2010/EFTA01648495.pdf,https://www.justice.gov/epstein/files/DataSet%2010/EFTA01648495,True,https://www.justice.gov/epstein/files/DataSet%2010/EFTA01648495.mp4,mp4,video_or_audio,video/mp4,206,ok via .mp4
EFTA01648496,https://www.justice.gov/epstein/files/DataSet%2010/EFTA01648496.pdf,https://www.justice.gov/epstein/files/DataSet%2010/EFTA01648496,True,https://www.justice.gov/epstein/files/DataSet%2010/EFTA01648496.mp4,mp4,video_or_audio,video/mp4,206,ok via .mp4
EFTA01648498,https://www.justice.gov/epstein/files/DataSet%2010/EFTA01648498.pdf,https://www.justice.gov/epstein/files/DataSet%2010/EFTA01648498,True,https://www.justice.gov/epstein/files/DataSet%2010/EFTA01648498.mp4,mp4,video_or_audio,video/mp4,206,ok via .mp4
EFTA01648499,https://www.justice.gov/epstein/files/DataSet%2010/EFTA01648499.pdf,https://www.justice.gov/epstein/files/DataSet%2010/EFTA01648499,True,https://www.justice.gov/epstein/files/DataSet%2010/EFTA01648499.mp4,mp4,video_or_audio,video/mp4,206,ok via .mp4
EFTA01648501,https://www.justice.gov/epstein/files/DataSet%2010/EFTA01648501.pdf,https://www.justice.gov/epstein/files/DataSet%2010/EFTA01648501,True,https://www.justice.gov/epstein/files/DataSet%2010/EFTA01648501.mp4,mp4,video_or_audio,video/mp4,206,ok via .mp4
EFTA01648502,https://www.justice.gov/epstein/files/DataSet%2010/EFTA01648502.pdf,https://www.justice.gov/epstein/files/DataSet%2010/EFTA01648502,True,https://www.justice.gov/epstein/files/DataSet%2010/EFTA01648502.mp4,mp4,video_or_audio,video/mp4,206,ok via .mp4
EFTA01648503,https://www.justice.gov/epstein/files/DataSet%2010/EFTA01648503.pdf,https://www.justice.gov/epstein/files/DataSet%2010/EFTA01648503,True,https://www.justice.gov/epstein/files/DataSet%2010/EFTA01648503.mp4,mp4,video_or_audio,video/mp4,206,ok via .mp4
EFTA01648504,https://www.justice.gov/epstein/files/DataSet%2010/EFTA01648504.pdf,https://www.justice.gov/epstein/files/DataSet%2010/EFTA01648504,True,https://www.justice.gov/epstein/files/DataSet%2010/EFTA01648504.mp4,mp4,video_or_audio,video/mp4,206,ok via .mp4
EFTA01648505,https://www.justice.gov/epstein/files/DataSet%2010/EFTA01648505.pdf,https://www.justice.gov/epstein/files/DataSet%2010/EFTA01648505,True,https://www.justice.gov/epstein/files/DataSet%2010/EFTA01648505.mp4,mp4,video_or_audio,video/mp4,206,ok via .mp4
EFTA01648506,https://www.justice.gov/epstein/files/DataSet%2010/EFTA01648506.pdf,https://www.justice.gov/epstein/files/DataSet%2010/EFTA01648506,True,https://www.justice.gov/epstein/files/DataSet%2010/EFTA01648506.mp4,mp4,video_or_audio,video/mp4,206,ok via .mp4
EFTA01648508,https://www.justice.gov/epstein/files/DataSet%2010/EFTA01648508.pdf,https://www.justice.gov/epstein/files/DataSet%2010/EFTA01648508,True,https://www.justice.gov/epstein/files/DataSet%2010/EFTA01648508.mp4,mp4,video_or_audio,video/mp4,206,ok via .mp4
EFTA01648509,https://www.justice.gov/epstein/files/DataSet%2010/EFTA01648509.pdf,https://www.justice.gov/epstein/files/DataSet%2010/EFTA01648509,True,https://www.justice.gov/epstein/files/DataSet%2010/EFTA01648509.mp4,mp4,video_or_audio,video/mp4,206,ok via .mp4
EFTA01648512,https://www.justice.gov/epstein/files/DataSet%2010/EFTA01648512.pdf,https://www.justice.gov/epstein/files/DataSet%2010/EFTA01648512,True,https://www.justice.gov/epstein/files/DataSet%2010/EFTA01648512.mp4,mp4,video_or_audio,video/mp4,206,ok via .mp4
EFTA01648513,https://www.justice.gov/epstein/files/DataSet%2010/EFTA01648513.pdf,https://www.justice.gov/epstein/files/DataSet%2010/EFTA01648513,True,https://www.justice.gov/epstein/files/DataSet%2010/EFTA01648513.mp4,mp4,video_or_audio,video/mp4,206,ok via .mp4
EFTA01648514,https://www.justice.gov/epstein/files/DataSet%2010/EFTA01648514.pdf,https://www.justice.gov/epstein/files/DataSet%2010/EFTA01648514,True,https://www.justice.gov/epstein/files/DataSet%2010/EFTA01648514.mp4,mp4,video_or_audio,video/mp4,206,ok via .mp4
EFTA01648515,https://www.justice.gov/epstein/files/DataSet%2010/EFTA01648515.pdf,https://www.justice.gov/epstein/files/DataSet%2010/EFTA01648515,True,https://www.justice.gov/epstein/files/DataSet%2010/EFTA01648515.mp4,mp4,video_or_audio,video/mp4,206,ok via .mp4
EFTA01648517,https://www.justice.gov/epstein/files/DataSet%2010/EFTA01648517.pdf,https://www.justice.gov/epstein/files/DataSet%2010/EFTA01648517,True,https://www.justice.gov/epstein/files/DataSet%2010/EFTA01648517.mp4,mp4,video_or_audio,video/mp4,206,ok via .mp4
EFTA01648521,https://www.justice.gov/epstein/files/DataSet%2010/EFTA01648521.pdf,https://www.justice.gov/epstein/files/DataSet%2010/EFTA01648521,True,https://www.justice.gov/epstein/files/DataSet%2010/EFTA01648521.mp4,mp4,video_or_audio,video/mp4,206,ok via .mp4
EFTA01648522,https://www.justice.gov/epstein/files/DataSet%2010/EFTA01648522.pdf,https://www.justice.gov/epstein/files/DataSet%2010/EFTA01648522,True,https://www.justice.gov/epstein/files/DataSet%2010/EFTA01648522.mp4,mp4,video_or_audio,video/mp4,206,ok via .mp4
EFTA01648523,https://www.justice.gov/epstein/files/DataSet%2010/EFTA01648523.pdf,https://www.justice.gov/epstein/files/DataSet%2010/EFTA01648523,True,https://www.justice.gov/epstein/files/DataSet%2010/EFTA01648523.mp4,mp4,video_or_audio,video/mp4,206,ok via .mp4
EFTA01648524,https://www.justice.gov/epstein/files/DataSet%2010/EFTA01648524.pdf,https://www.justice.gov/epstein/files/DataSet%2010/EFTA01648524,True,https://www.justice.gov/epstein/files/DataSet%2010/EFTA01648524.mp4,mp4,video_or_audio,video/mp4,206,ok via .mp4
EFTA01648526,https://www.justice.gov/epstein/files/DataSet%2010/EFTA01648526.pdf,https://www.justice.gov/epstein/files/DataSet%2010/EFTA01648526,True,https://www.justice.gov/epstein/files/DataSet%2010/EFTA01648526.mp4,mp4,video_or_audio,video/mp4,206,ok via .mp4
EFTA01648527,https://www.justice.gov/epstein/files/DataSet%2010/EFTA01648527.pdf,https://www.justice.gov/epstein/files/DataSet%2010/EFTA01648527,True,https://www.justice.gov/epstein/files/DataSet%2010/EFTA01648527.mp4,mp4,video_or_audio,video/mp4,206,ok via .mp4
EFTA01648528,https://www.justice.gov/epstein/files/DataSet%2010/EFTA01648528.pdf,https://www.justice.gov/epstein/files/DataSet%2010/EFTA01648528,True,https://www.justice.gov/epstein/files/DataSet%2010/EFTA01648528.mp4,mp4,video_or_audio,video/mp4,206,ok via .mp4
EFTA01648529,https://www.justice.gov/epstein/files/DataSet%2010/EFTA01648529.pdf,https://www.justice.gov/epstein/files/DataSet%2010/EFTA01648529,True,https://www.justice.gov/epstein/files/DataSet%2010/EFTA01648529.mp4,mp4,video_or_audio,video/mp4,206,ok via .mp4
EFTA01648530,https://www.justice.gov/epstein/files/DataSet%2010/EFTA01648530.pdf,https://www.justice.gov/epstein/files/DataSet%2010/EFTA01648530,True,https://www.justice.gov/epstein/files/DataSet%2010/EFTA01648530.mp4,mp4,video_or_audio,video/mp4,206,ok via .mp4
EFTA01648531,https://www.justice.gov/epstein/files/DataSet%2010/EFTA01648531.pdf,https://www.justice.gov/epstein/files/DataSet%2010/EFTA01648531,True,https://www.justice.gov/epstein/files/DataSet%2010/EFTA01648531.mp4,mp4,video_or_audio,video/mp4,206,ok via .mp4
EFTA01648532,https://www.justice.gov/epstein/files/DataSet%2010/EFTA01648532.pdf,https://www.justice.gov/epstein/files/DataSet%2010/EFTA01648532,True,https://www.justice.gov/epstein/files/DataSet%2010/EFTA01648532.mp4,mp4,video_or_audio,video/mp4,206,ok via .mp4
EFTA01648533,https://www.justice.gov/epstein/files/DataSet%2010/EFTA01648533.pdf,https://www.justice.gov/epstein/files/DataSet%2010/EFTA01648533,True,https://www.justice.gov/epstein/files/DataSet%2010/EFTA01648533.mp4,mp4,video_or_audio,video/mp4,206,ok via .mp4
EFTA01648535,https://www.justice.gov/epstein/files/DataSet%2010/EFTA01648535.pdf,https://www.justice.gov/epstein/files/DataSet%2010/EFTA01648535,True,https://www.justice.gov/epstein/files/DataSet%2010/EFTA01648535.mp4,mp4,video_or_audio,video/mp4,206,ok via .mp4
EFTA01648537,https://www.justice.gov/epstein/files/DataSet%2010/EFTA01648537.pdf,https://www.justice.gov/epstein/files/DataSet%2010/EFTA01648537,True,https://www.justice.gov/epstein/files/DataSet%2010/EFTA01648537.mp4,mp4,video_or_audio,video/mp4,206,ok via .mp4
EFTA01648539,https://www.justice.gov/epstein/files/DataSet%2010/EFTA01648539.pdf,https://www.justice.gov/epstein/files/DataSet%2010/EFTA01648539,True,https://www.justice.gov/epstein/files/DataSet%2010/EFTA01648539.mp4,mp4,video_or_audio,video/mp4,206,ok via .mp4
EFTA01648542,https://www.justice.gov/epstein/files/DataSet%2010/EFTA01648542.pdf,https://www.justice.gov/epstein/files/DataSet%2010/EFTA01648542,True,https://www.justice.gov/epstein/files/DataSet%2010/EFTA01648542.mp4,mp4,video_or_audio,video/mp4,206,ok via .mp4
EFTA01648543,https://www.justice.gov/epstein/files/DataSet%2010/EFTA01648543.pdf,https://www.justice.gov/epstein/files/DataSet%2010/EFTA01648543,True,https://www.justice.gov/epstein/files/DataSet%2010/EFTA01648543.mp4,mp4,video_or_audio,video/mp4,206,ok via .mp4
EFTA01648544,https://www.justice.gov/epstein/files/DataSet%2010/EFTA01648544.pdf,https://www.justice.gov/epstein/files/DataSet%2010/EFTA01648544,True,https://www.justice.gov/epstein/files/DataSet%2010/EFTA01648544.mp4,mp4,video_or_audio,video/mp4,206,ok via .mp4
EFTA01648545,https://www.justice.gov/epstein/files/DataSet%2010/EFTA01648545.pdf,https://www.justice.gov/epstein/files/DataSet%2010/EFTA01648545,True,https://www.justice.gov/epstein/files/DataSet%2010/EFTA01648545.mp4,mp4,video_or_audio,video/mp4,206,ok via .mp4
EFTA01648546,https://www.justice.gov/epstein/files/DataSet%2010/EFTA01648546.pdf,https://www.justice.gov/epstein/files/DataSet%2010/EFTA01648546,True,https://www.justice.gov/epstein/files/DataSet%2010/EFTA01648546.mp4,mp4,video_or_audio,video/mp4,206,ok via .mp4
EFTA01648547,https://www.justice.gov/epstein/files/DataSet%2010/EFTA01648547.pdf,https://www.justice.gov/epstein/files/DataSet%2010/EFTA01648547,True,https://www.justice.gov/epstein/files/DataSet%2010/EFTA01648547.mp4,mp4,video_or_audio,video/mp4,206,ok via .mp4
EFTA01648548,https://www.justice.gov/epstein/files/DataSet%2010/EFTA01648548.pdf,https://www.justice.gov/epstein/files/DataSet%2010/EFTA01648548,True,https://www.justice.gov/epstein/files/DataSet%2010/EFTA01648548.mp4,mp4,video_or_audio,video/mp4,206,ok via .mp4
EFTA01648549,https://www.justice.gov/epstein/files/DataSet%2010/EFTA01648549.pdf,https://www.justice.gov/epstein/files/DataSet%2010/EFTA01648549,True,https://www.justice.gov/epstein/files/DataSet%2010/EFTA01648549.mp4,mp4,video_or_audio,video/mp4,206,ok via .mp4
EFTA01648550,https://www.justice.gov/epstein/files/DataSet%2010/EFTA01648550.pdf,https://www.justice.gov/epstein/files/DataSet%2010/EFTA01648550,True,https://www.justice.gov/epstein/files/DataSet%2010/EFTA01648550.mp4,mp4,video_or_audio,video/mp4,206,ok via .mp4
EFTA01648551,https://www.justice.gov/epstein/files/DataSet%2010/EFTA01648551.pdf,https://www.justice.gov/epstein/files/DataSet%2010/EFTA01648551,True,https://www.justice.gov/epstein/files/DataSet%2010/EFTA01648551.mp4,mp4,video_or_audio,video/mp4,206,ok via .mp4
EFTA01648552,https://www.justice.gov/epstein/files/DataSet%2010/EFTA01648552.pdf,https://www.justice.gov/epstein/files/DataSet%2010/EFTA01648552,True,https://www.justice.gov/epstein/files/DataSet%2010/EFTA01648552.mp4,mp4,video_or_audio,video/mp4,206,ok via .mp4
EFTA01648553,https://www.justice.gov/epstein/files/DataSet%2010/EFTA01648553.pdf,https://www.justice.gov/epstein/files/DataSet%2010/EFTA01648553,True,https://www.justice.gov/epstein/files/DataSet%2010/EFTA01648553.mp4,mp4,video_or_audio,video/mp4,206,ok via .mp4
EFTA01648554,https://www.justice.gov/epstein/files/DataSet%2010/EFTA01648554.pdf,https://www.justice.gov/epstein/files/DataSet%2010/EFTA01648554,True,https://www.justice.gov/epstein/files/DataSet%2010/EFTA01648554.mp4,mp4,video_or_audio,video/mp4,206,ok via .mp4
EFTA01648555,https://www.justice.gov/epstein/files/DataSet%2010/EFTA01648555.pdf,https://www.justice.gov/epstein/files/DataSet%2010/EFTA01648555,True,https://www.justice.gov/epstein/files/DataSet%2010/EFTA01648555.mp4,mp4,video_or_audio,video/mp4,206,ok via .mp4
EFTA01648556,https://www.justice.gov/epstein/files/DataSet%2010/EFTA01648556.pdf,https://www.justice.gov/epstein/files/DataSet%2010/EFTA01648556,True,https://www.justice.gov/epstein/files/DataSet%2010/EFTA01648556.mp4,mp4,video_or_audio,video/mp4,206,ok via .mp4
EFTA01648557,https://www.justice.gov/epstein/files/DataSet%2010/EFTA01648557.pdf,https://www.justice.gov/epstein/files/DataSet%2010/EFTA01648557,True,https://www.justice.gov/epstein/files/DataSet%2010/EFTA01648557.mp4,mp4,video_or_audio,video/mp4,206,ok via .mp4
EFTA01648558,https://www.justice.gov/epstein/files/DataSet%2010/EFTA01648558.pdf,https://www.justice.gov/epstein/files/DataSet%2010/EFTA01648558,True,https://www.justice.gov/epstein/files/DataSet%2010/EFTA01648558.mp4,mp4,video_or_audio,video/mp4,206,ok via .mp4
EFTA01648560,https://www.justice.gov/epstein/files/DataSet%2010/EFTA01648560.pdf,https://www.justice.gov/epstein/files/DataSet%2010/EFTA01648560,True,https://www.justice.gov/epstein/files/DataSet%2010/EFTA01648560.mp4,mp4,video_or_audio,video/mp4,206,ok via .mp4
EFTA01648561,https://www.justice.gov/epstein/files/DataSet%2010/EFTA01648561.pdf,https://www.justice.gov/epstein/files/DataSet%2010/EFTA01648561,True,https://www.justice.gov/epstein/files/DataSet%2010/EFTA01648561.mp4,mp4,video_or_audio,video/mp4,206,ok via .mp4
EFTA01648562,https://www.justice.gov/epstein/files/DataSet%2010/EFTA01648562.pdf,https://www.justice.gov/epstein/files/DataSet%2010/EFTA01648562,True,https://www.justice.gov/epstein/files/DataSet%2010/EFTA01648562.mp4,mp4,video_or_audio,video/mp4,206,ok via .mp4
EFTA01648564,https://www.justice.gov/epstein/files/DataSet%2010/EFTA01648564.pdf,https://www.justice.gov/epstein/files/DataSet%2010/EFTA01648564,True,https://www.justice.gov/epstein/files/DataSet%2010/EFTA01648564.mp4,mp4,video_or_audio,video/mp4,206,ok via .mp4
EFTA01648565,https://www.justice.gov/epstein/files/DataSet%2010/EFTA01648565.pdf,https://www.justice.gov/epstein/files/DataSet%2010/EFTA01648565,True,https://www.justice.gov/epstein/files/DataSet%2010/EFTA01648565.mp4,mp4,video_or_audio,video/mp4,206,ok via .mp4
EFTA01648566,https://www.justice.gov/epstein/files/DataSet%2010/EFTA01648566.pdf,https://www.justice.gov/epstein/files/DataSet%2010/EFTA01648566,True,https://www.justice.gov/epstein/files/DataSet%2010/EFTA01648566.mp4,mp4,video_or_audio,video/mp4,206,ok via .mp4
EFTA01648567,https://www.justice.gov/epstein/files/DataSet%2010/EFTA01648567.pdf,https://www.justice.gov/epstein/files/DataSet%2010/EFTA01648567,True,https://www.justice.gov/epstein/files/DataSet%2010/EFTA01648567.mp4,mp4,video_or_audio,video/mp4,206,ok via .mp4
EFTA01648568,https://www.justice.gov/epstein/files/DataSet%2010/EFTA01648568.pdf,https://www.justice.gov/epstein/files/DataSet%2010/EFTA01648568,True,https://www.justice.gov/epstein/files/DataSet%2010/EFTA01648568.mp4,mp4,video_or_audio,video/mp4,206,ok via .mp4
EFTA01648569,https://www.justice.gov/epstein/files/DataSet%2010/EFTA01648569.pdf,https://www.justice.gov/epstein/files/DataSet%2010/EFTA01648569,True,https://www.justice.gov/epstein/files/DataSet%2010/EFTA01648569.mp4,mp4,video_or_audio,video/mp4,206,ok via .mp4
EFTA01648570,https://www.justice.gov/epstein/files/DataSet%2010/EFTA01648570.pdf,https://www.justice.gov/epstein/files/DataSet%2010/EFTA01648570,True,https://www.justice.gov/epstein/files/DataSet%2010/EFTA01648570.mp4,mp4,video_or_audio,video/mp4,206,ok via .mp4
EFTA01648571,https://www.justice.gov/epstein/files/DataSet%2010/EFTA01648571.pdf,https://www.justice.gov/epstein/files/DataSet%2010/EFTA01648571,True,https://www.justice.gov/epstein/files/DataSet%2010/EFTA01648571.mp4,mp4,video_or_audio,video/mp4,206,ok via .mp4
EFTA01648573,https://www.justice.gov/epstein/files/DataSet%2010/EFTA01648573.pdf,https://www.justice.gov/epstein/files/DataSet%2010/EFTA01648573,True,https://www.justice.gov/epstein/files/DataSet%2010/EFTA01648573.mp4,mp4,video_or_audio,video/mp4,206,ok via .mp4
EFTA01648578,https://www.justice.gov/epstein/files/DataSet%2010/EFTA01648578.pdf,https://www.justice.gov/epstein/files/DataSet%2010/EFTA01648578,True,https://www.justice.gov/epstein/files/DataSet%2010/EFTA01648578.mp4,mp4,video_or_audio,video/mp4,206,ok via .mp4
EFTA01648579,https://www.justice.gov/epstein/files/DataSet%2010/EFTA01648579.pdf,https://www.justice.gov/epstein/files/DataSet%2010/EFTA01648579,True,https://www.justice.gov/epstein/files/DataSet%2010/EFTA01648579.mp4,mp4,video_or_audio,video/mp4,206,ok via .mp4
EFTA01648580,https://www.justice.gov/epstein/files/DataSet%2010/EFTA01648580.pdf,https://www.justice.gov/epstein/files/DataSet%2010/EFTA01648580,True,https://www.justice.gov/epstein/files/DataSet%2010/EFTA01648580.mp4,mp4,video_or_audio,video/mp4,206,ok via .mp4
EFTA01648581,https://www.justice.gov/epstein/files/DataSet%2010/EFTA01648581.pdf,https://www.justice.gov/epstein/files/DataSet%2010/EFTA01648581,True,https://www.justice.gov/epstein/files/DataSet%2010/EFTA01648581.mp4,mp4,video_or_audio,video/mp4,206,ok via .mp4
EFTA01648584,https://www.justice.gov/epstein/files/DataSet%2010/EFTA01648584.pdf,https://www.justice.gov/epstein/files/DataSet%2010/EFTA01648584,True,https://www.justice.gov/epstein/files/DataSet%2010/EFTA01648584.mp4,mp4,video_or_audio,video/mp4,206,ok via .mp4
EFTA01648585,https://www.justice.gov/epstein/files/DataSet%2010/EFTA01648585.pdf,https://www.justice.gov/epstein/files/DataSet%2010/EFTA01648585,True,https://www.justice.gov/epstein/files/DataSet%2010/EFTA01648585.mp4,mp4,video_or_audio,video/mp4,206,ok via .mp4
EFTA01648586,https://www.justice.gov/epstein/files/DataSet%2010/EFTA01648586.pdf,https://www.justice.gov/epstein/files/DataSet%2010/EFTA01648586,True,https://www.justice.gov/epstein/files/DataSet%2010/EFTA01648586.mp4,mp4,video_or_audio,video/mp4,206,ok via .mp4
EFTA01648587,https://www.justice.gov/epstein/files/DataSet%2010/EFTA01648587.pdf,https://www.justice.gov/epstein/files/DataSet%2010/EFTA01648587,True,https://www.justice.gov/epstein/files/DataSet%2010/EFTA01648587.mp4,mp4,video_or_audio,video/mp4,206,ok via .mp4
EFTA01648589,https://www.justice.gov/epstein/files/DataSet%2010/EFTA01648589.pdf,https://www.justice.gov/epstein/files/DataSet%2010/EFTA01648589,True,https://www.justice.gov/epstein/files/DataSet%2010/EFTA01648589.mp4,mp4,video_or_audio,video/mp4,206,ok via .mp4
EFTA01648590,https://www.justice.gov/epstein/files/DataSet%2010/EFTA01648590.pdf,https://www.justice.gov/epstein/files/DataSet%2010/EFTA01648590,True,https://www.justice.gov/epstein/files/DataSet%2010/EFTA01648590.mp4,mp4,video_or_audio,video/mp4,206,ok via .mp4
EFTA01648592,https://www.justice.gov/epstein/files/DataSet%2010/EFTA01648592.pdf,https://www.justice.gov/epstein/files/DataSet%2010/EFTA01648592,True,https://www.justice.gov/epstein/files/DataSet%2010/EFTA01648592.mp4,mp4,video_or_audio,video/mp4,206,ok via .mp4
EFTA01648593,https://www.justice.gov/epstein/files/DataSet%2010/EFTA01648593.pdf,https://www.justice.gov/epstein/files/DataSet%2010/EFTA01648593,True,https://www.justice.gov/epstein/files/DataSet%2010/EFTA01648593.mp4,mp4,video_or_audio,video/mp4,206,ok via .mp4
EFTA01648594,https://www.justice.gov/epstein/files/DataSet%2010/EFTA01648594.pdf,https://www.justice.gov/epstein/files/DataSet%2010/EFTA01648594,True,https://www.justice.gov/epstein/files/DataSet%2010/EFTA01648594.mp4,mp4,video_or_audio,video/mp4,206,ok via .mp4
EFTA01648595,https://www.justice.gov/epstein/files/DataSet%2010/EFTA01648595.pdf,https://www.justice.gov/epstein/files/DataSet%2010/EFTA01648595,True,https://www.justice.gov/epstein/files/DataSet%2010/EFTA01648595.mp4,mp4,video_or_audio,video/mp4,206,ok via .mp4
EFTA01648596,https://www.justice.gov/epstein/files/DataSet%2010/EFTA01648596.pdf,https://www.justice.gov/epstein/files/DataSet%2010/EFTA01648596,True,https://www.justice.gov/epstein/files/DataSet%2010/EFTA01648596.mp4,mp4,video_or_audio,video/mp4,206,ok via .mp4
EFTA01648597,https://www.justice.gov/epstein/files/DataSet%2010/EFTA01648597.pdf,https://www.justice.gov/epstein/files/DataSet%2010/EFTA01648597,True,https://www.justice.gov/epstein/files/DataSet%2010/EFTA01648597.mp4,mp4,video_or_audio,video/mp4,206,ok via .mp4
EFTA01648598,https://www.justice.gov/epstein/files/DataSet%2010/EFTA01648598.pdf,https://www.justice.gov/epstein/files/DataSet%2010/EFTA01648598,True,https://www.justice.gov/epstein/files/DataSet%2010/EFTA01648598.mp4,mp4,video_or_audio,video/mp4,206,ok via .mp4
EFTA01648599,https://www.justice.gov/epstein/files/DataSet%2010/EFTA01648599.pdf,https://www.justice.gov/epstein/files/DataSet%2010/EFTA01648599,True,https://www.justice.gov/epstein/files/DataSet%2010/EFTA01648599.mp4,mp4,video_or_audio,video/mp4,206,ok via .mp4
EFTA01648601,https://www.justice.gov/epstein/files/DataSet%2010/EFTA01648601.pdf,https://www.justice.gov/epstein/files/DataSet%2010/EFTA01648601,True,https://www.justice.gov/epstein/files/DataSet%2010/EFTA01648601.mp4,mp4,video_or_audio,video/mp4,206,ok via .mp4
EFTA01648603,https://www.justice.gov/epstein/files/DataSet%2010/EFTA01648603.pdf,https://www.justice.gov/epstein/files/DataSet%2010/EFTA01648603,True,https://www.justice.gov/epstein/files/DataSet%2010/EFTA01648603.mp4,mp4,video_or_audio,video/mp4,206,ok via .mp4
EFTA01648604,https://www.justice.gov/epstein/files/DataSet%2010/EFTA01648604.pdf,https://www.justice.gov/epstein/files/DataSet%2010/EFTA01648604,True,https://www.justice.gov/epstein/files/DataSet%2010/EFTA01648604.mp4,mp4,video_or_audio,video/mp4,206,ok via .mp4
EFTA01648606,https://www.justice.gov/epstein/files/DataSet%2010/EFTA01648606.pdf,https://www.justice.gov/epstein/files/DataSet%2010/EFTA01648606,True,https://www.justice.gov/epstein/files/DataSet%2010/EFTA01648606.mp4,mp4,video_or_audio,video/mp4,206,ok via .mp4
EFTA01648607,https://www.justice.gov/epstein/files/DataSet%2010/EFTA01648607.pdf,https://www.justice.gov/epstein/files/DataSet%2010/EFTA01648607,True,https://www.justice.gov/epstein/files/DataSet%2010/EFTA01648607.mp4,mp4,video_or_audio,video/mp4,206,ok via .mp4
EFTA01648608,https://www.justice.gov/epstein/files/DataSet%2010/EFTA01648608.pdf,https://www.justice.gov/epstein/files/DataSet%2010/EFTA01648608,True,https://www.justice.gov/epstein/files/DataSet%2010/EFTA01648608.mp4,mp4,video_or_audio,video/mp4,206,ok via .mp4
EFTA01648610,https://www.justice.gov/epstein/files/DataSet%2010/EFTA01648610.pdf,https://www.justice.gov/epstein/files/DataSet%2010/EFTA01648610,True,https://www.justice.gov/epstein/files/DataSet%2010/EFTA01648610.mp4,mp4,video_or_audio,video/mp4,206,ok via .mp4
EFTA01648611,https://www.justice.gov/epstein/files/DataSet%2010/EFTA01648611.pdf,https://www.justice.gov/epstein/files/DataSet%2010/EFTA01648611,True,https://www.justice.gov/epstein/files/DataSet%2010/EFTA01648611.mp4,mp4,video_or_audio,video/mp4,206,ok via .mp4
EFTA01648612,https://www.justice.gov/epstein/files/DataSet%2010/EFTA01648612.pdf,https://www.justice.gov/epstein/files/DataSet%2010/EFTA01648612,True,https://www.justice.gov/epstein/files/DataSet%2010/EFTA01648612.mp4,mp4,video_or_audio,video/mp4,206,ok via .mp4
EFTA01648615,https://www.justice.gov/epstein/files/DataSet%2010/EFTA01648615.pdf,https://www.justice.gov/epstein/files/DataSet%2010/EFTA01648615,True,https://www.justice.gov/epstein/files/DataSet%2010/EFTA01648615.mp4,mp4,video_or_audio,video/mp4,206,ok via .mp4
EFTA01648616,https://www.justice.gov/epstein/files/DataSet%2010/EFTA01648616.pdf,https://www.justice.gov/epstein/files/DataSet%2010/EFTA01648616,True,https://www.justice.gov/epstein/files/DataSet%2010/EFTA01648616.mp4,mp4,video_or_audio,video/mp4,206,ok via .mp4
EFTA01648619,https://www.justice.gov/epstein/files/DataSet%2010/EFTA01648619.pdf,https://www.justice.gov/epstein/files/DataSet%2010/EFTA01648619,True,https://www.justice.gov/epstein/files/DataSet%2010/EFTA01648619.mp4,mp4,video_or_audio,video/mp4,206,ok via .mp4
EFTA01648620,https://www.justice.gov/epstein/files/DataSet%2010/EFTA01648620.pdf,https://www.justice.gov/epstein/files/DataSet%2010/EFTA01648620,True,https://www.justice.gov/epstein/files/DataSet%2010/EFTA01648620.mp4,mp4,video_or_audio,video/mp4,206,ok via .mp4
EFTA01648621,https://www.justice.gov/epstein/files/DataSet%2010/EFTA01648621.pdf,https://www.justice.gov/epstein/files/DataSet%2010/EFTA01648621,True,https://www.justice.gov/epstein/files/DataSet%2010/EFTA01648621.mp4,mp4,video_or_audio,video/mp4,206,ok via .mp4
EFTA01648622,https://www.justice.gov/epstein/files/DataSet%2010/EFTA01648622.pdf,https://www.justice.gov/epstein/files/DataSet%2010/EFTA01648622,True,https://www.justice.gov/epstein/files/DataSet%2010/EFTA01648622.mp4,mp4,video_or_audio,video/mp4,206,ok via .mp4
EFTA01648623,https://www.justice.gov/epstein/files/DataSet%2010/EFTA01648623.pdf,https://www.justice.gov/epstein/files/DataSet%2010/EFTA01648623,True,https://www.justice.gov/epstein/files/DataSet%2010/EFTA01648623.mp4,mp4,video_or_audio,video/mp4,206,ok via .mp4
EFTA01648624,https://www.justice.gov/epstein/files/DataSet%2010/EFTA01648624.pdf,https://www.justice.gov/epstein/files/DataSet%2010/EFTA01648624,True,https://www.justice.gov/epstein/files/DataSet%2010/EFTA01648624.mp4,mp4,video_or_audio,video/mp4,206,ok via .mp4
EFTA01648627,https://www.justice.gov/epstein/files/DataSet%2010/EFTA01648627.pdf,https://www.justice.gov/epstein/files/DataSet%2010/EFTA01648627,True,https://www.justice.gov/epstein/files/DataSet%2010/EFTA01648627.mp4,mp4,video_or_audio,video/mp4,206,ok via .mp4
EFTA01648631,https://www.justice.gov/epstein/files/DataSet%2010/EFTA01648631.pdf,https://www.justice.gov/epstein/files/DataSet%2010/EFTA01648631,True,https://www.justice.gov/epstein/files/DataSet%2010/EFTA01648631.mp4,mp4,video_or_audio,video/mp4,206,ok via .mp4
EFTA01648634,https://www.justice.gov/epstein/files/DataSet%2010/EFTA01648634.pdf,https://www.justice.gov/epstein/files/DataSet%2010/EFTA01648634,True,https://www.justice.gov/epstein/files/DataSet%2010/EFTA01648634.mp4,mp4,video_or_audio,video/mp4,206,ok via .mp4
EFTA01648636,https://www.justice.gov/epstein/files/DataSet%2010/EFTA01648636.pdf,https://www.justice.gov/epstein/files/DataSet%2010/EFTA01648636,True,https://www.justice.gov/epstein/files/DataSet%2010/EFTA01648636.mp4,mp4,video_or_audio,video/mp4,206,ok via .mp4
EFTA01648637,https://www.justice.gov/epstein/files/DataSet%2010/EFTA01648637.pdf,https://www.justice.gov/epstein/files/DataSet%2010/EFTA01648637,True,https://www.justice.gov/epstein/files/DataSet%2010/EFTA01648637.mp4,mp4,video_or_audio,video/mp4,206,ok via .mp4
EFTA01648638,https://www.justice.gov/epstein/files/DataSet%2010/EFTA01648638.pdf,https://www.justice.gov/epstein/files/DataSet%2010/EFTA01648638,True,https://www.justice.gov/epstein/files/DataSet%2010/EFTA01648638.mp4,mp4,video_or_audio,video/mp4,206,ok via .mp4
EFTA01648641,https://www.justice.gov/epstein/files/DataSet%2010/EFTA01648641.pdf,https://www.justice.gov/epstein/files/DataSet%2010/EFTA01648641,True,https://www.justice.gov/epstein/files/DataSet%2010/EFTA01648641.mp4,mp4,video_or_audio,video/mp4,206,ok via .mp4
EFTA01648642,https://www.justice.gov/epstein/files/DataSet%2010/EFTA01648642.pdf,https://www.justice.gov/epstein/files/DataSet%2010/EFTA01648642,True,https://www.justice.gov/epstein/files/DataSet%2010/EFTA01648642.mp4,mp4,video_or_audio,video/mp4,206,ok via .mp4
EFTA01648643,https://www.justice.gov/epstein/files/DataSet%2010/EFTA01648643.pdf,https://www.justice.gov/epstein/files/DataSet%2010/EFTA01648643,True,https://www.justice.gov/epstein/files/DataSet%2010/EFTA01648643.mp4,mp4,video_or_audio,video/mp4,206,ok via .mp4
EFTA01648644,https://www.justice.gov/epstein/files/DataSet%2010/EFTA01648644.pdf,https://www.justice.gov/epstein/files/DataSet%2010/EFTA01648644,True,https://www.justice.gov/epstein/files/DataSet%2010/EFTA01648644.mp4,mp4,video_or_audio,video/mp4,206,ok via .mp4
EFTA01648645,https://www.justice.gov/epstein/files/DataSet%2010/EFTA01648645.pdf,https://www.justice.gov/epstein/files/DataSet%2010/EFTA01648645,True,https://www.justice.gov/epstein/files/DataSet%2010/EFTA01648645.mp4,mp4,video_or_audio,video/mp4,206,ok via .mp4
EFTA01648646,https://www.justice.gov/epstein/files/DataSet%2010/EFTA01648646.pdf,https://www.justice.gov/epstein/files/DataSet%2010/EFTA01648646,True,https://www.justice.gov/epstein/files/DataSet%2010/EFTA01648646.mp4,mp4,video_or_audio,video/mp4,206,ok via .mp4
EFTA01648647,https://www.justice.gov/epstein/files/DataSet%2010/EFTA01648647.pdf,https://www.justice.gov/epstein/files/DataSet%2010/EFTA01648647,True,https://www.justice.gov/epstein/files/DataSet%2010/EFTA01648647.mp4,mp4,video_or_audio,video/mp4,206,ok via .mp4
EFTA01648650,https://www.justice.gov/epstein/files/DataSet%2010/EFTA01648650.pdf,https://www.justice.gov/epstein/files/DataSet%2010/EFTA01648650,True,https://www.justice.gov/epstein/files/DataSet%2010/EFTA01648650.mp4,mp4,video_or_audio,video/mp4,206,ok via .mp4
EFTA01648653,https://www.justice.gov/epstein/files/DataSet%2010/EFTA01648653.pdf,https://www.justice.gov/epstein/files/DataSet%2010/EFTA01648653,True,https://www.justice.gov/epstein/files/DataSet%2010/EFTA01648653.mp4,mp4,video_or_audio,video/mp4,206,ok via .mp4
EFTA01648654,https://www.justice.gov/epstein/files/DataSet%2010/EFTA01648654.pdf,https://www.justice.gov/epstein/files/DataSet%2010/EFTA01648654,True,https://www.justice.gov/epstein/files/DataSet%2010/EFTA01648654.mp4,mp4,video_or_audio,video/mp4,206,ok via .mp4
EFTA01648655,https://www.justice.gov/epstein/files/DataSet%2010/EFTA01648655.pdf,https://www.justice.gov/epstein/files/DataSet%2010/EFTA01648655,True,https://www.justice.gov/epstein/files/DataSet%2010/EFTA01648655.mp4,mp4,video_or_audio,video/mp4,206,ok via .mp4
EFTA01648658,https://www.justice.gov/epstein/files/DataSet%2010/EFTA01648658.pdf,https://www.justice.gov/epstein/files/DataSet%2010/EFTA01648658,True,https://www.justice.gov/epstein/files/DataSet%2010/EFTA01648658.mp4,mp4,video_or_audio,video/mp4,206,ok via .mp4
EFTA01648659,https://www.justice.gov/epstein/files/DataSet%2010/EFTA01648659.pdf,https://www.justice.gov/epstein/files/DataSet%2010/EFTA01648659,True,https://www.justice.gov/epstein/files/DataSet%2010/EFTA01648659.mp4,mp4,video_or_audio,video/mp4,206,ok via .mp4
EFTA01648660,https://www.justice.gov/epstein/files/DataSet%2010/EFTA01648660.pdf,https://www.justice.gov/epstein/files/DataSet%2010/EFTA01648660,True,https://www.justice.gov/epstein/files/DataSet%2010/EFTA01648660.mp4,mp4,video_or_audio,video/mp4,206,ok via .mp4
EFTA01648662,https://www.justice.gov/epstein/files/DataSet%2010/EFTA01648662.pdf,https://www.justice.gov/epstein/files/DataSet%2010/EFTA01648662,True,https://www.justice.gov/epstein/files/DataSet%2010/EFTA01648662.mp4,mp4,video_or_audio,video/mp4,206,ok via .mp4
EFTA01648663,https://www.justice.gov/epstein/files/DataSet%2010/EFTA01648663.pdf,https://www.justice.gov/epstein/files/DataSet%2010/EFTA01648663,True,https://www.justice.gov/epstein/files/DataSet%2010/EFTA01648663.mp4,mp4,video_or_audio,video/mp4,206,ok via .mp4
EFTA01648664,https://www.justice.gov/epstein/files/DataSet%2010/EFTA01648664.pdf,https://www.justice.gov/epstein/files/DataSet%2010/EFTA01648664,True,https://www.justice.gov/epstein/files/DataSet%2010/EFTA01648664.mp4,mp4,video_or_audio,video/mp4,206,ok via .mp4
EFTA01648665,https://www.justice.gov/epstein/files/DataSet%2010/EFTA01648665.pdf,https://www.justice.gov/epstein/files/DataSet%2010/EFTA01648665,True,https://www.justice.gov/epstein/files/DataSet%2010/EFTA01648665.mp4,mp4,video_or_audio,video/mp4,206,ok via .mp4
EFTA01648667,https://www.justice.gov/epstein/files/DataSet%2010/EFTA01648667.pdf,https://www.justice.gov/epstein/files/DataSet%2010/EFTA01648667,True,https://www.justice.gov/epstein/files/DataSet%2010/EFTA01648667.mp4,mp4,video_or_audio,video/mp4,206,ok via .mp4
EFTA01648670,https://www.justice.gov/epstein/files/DataSet%2010/EFTA01648670.pdf,https://www.justice.gov/epstein/files/DataSet%2010/EFTA01648670,True,https://www.justice.gov/epstein/files/DataSet%2010/EFTA01648670.mp4,mp4,video_or_audio,video/mp4,206,ok via .mp4
EFTA01648672,https://www.justice.gov/epstein/files/DataSet%2010/EFTA01648672.pdf,https://www.justice.gov/epstein/files/DataSet%2010/EFTA01648672,True,https://www.justice.gov/epstein/files/DataSet%2010/EFTA01648672.mp4,mp4,video_or_audio,video/mp4,206,ok via .mp4
EFTA01648674,https://www.justice.gov/epstein/files/DataSet%2010/EFTA01648674.pdf,https://www.justice.gov/epstein/files/DataSet%2010/EFTA01648674,True,https://www.justice.gov/epstein/files/DataSet%2010/EFTA01648674.mp4,mp4,video_or_audio,video/mp4,206,ok via .mp4
EFTA01648675,https://www.justice.gov/epstein/files/DataSet%2010/EFTA01648675.pdf,https://www.justice.gov/epstein/files/DataSet%2010/EFTA01648675,True,https://www.justice.gov/epstein/files/DataSet%2010/EFTA01648675.mp4,mp4,video_or_audio,video/mp4,206,ok via .mp4
EFTA01648677,https://www.justice.gov/epstein/files/DataSet%2010/EFTA01648677.pdf,https://www.justice.gov/epstein/files/DataSet%2010/EFTA01648677,True,https://www.justice.gov/epstein/files/DataSet%2010/EFTA01648677.mp4,mp4,video_or_audio,video/mp4,206,ok via .mp4
EFTA01648678,https://www.justice.gov/epstein/files/DataSet%2010/EFTA01648678.pdf,https://www.justice.gov/epstein/files/DataSet%2010/EFTA01648678,True,https://www.justice.gov/epstein/files/DataSet%2010/EFTA01648678.mp4,mp4,video_or_audio,video/mp4,206,ok via .mp4
EFTA01648679,https://www.justice.gov/epstein/files/DataSet%2010/EFTA01648679.pdf,https://www.justice.gov/epstein/files/DataSet%2010/EFTA01648679,True,https://www.justice.gov/epstein/files/DataSet%2010/EFTA01648679.mp4,mp4,video_or_audio,video/mp4,206,ok via .mp4
EFTA01648681,https://www.justice.gov/epstein/files/DataSet%2010/EFTA01648681.pdf,https://www.justice.gov/epstein/files/DataSet%2010/EFTA01648681,True,https://www.justice.gov/epstein/files/DataSet%2010/EFTA01648681.mp4,mp4,video_or_audio,video/mp4,206,ok via .mp4
EFTA01648683,https://www.justice.gov/epstein/files/DataSet%2010/EFTA01648683.pdf,https://www.justice.gov/epstein/files/DataSet%2010/EFTA01648683,True,https://www.justice.gov/epstein/files/DataSet%2010/EFTA01648683.mp4,mp4,video_or_audio,video/mp4,206,ok via .mp4
EFTA01648684,https://www.justice.gov/epstein/files/DataSet%2010/EFTA01648684.pdf,https://www.justice.gov/epstein/files/DataSet%2010/EFTA01648684,True,https://www.justice.gov/epstein/files/DataSet%2010/EFTA01648684.mp4,mp4,video_or_audio,video/mp4,206,ok via .mp4
EFTA01648685,https://www.justice.gov/epstein/files/DataSet%2010/EFTA01648685.pdf,https://www.justice.gov/epstein/files/DataSet%2010/EFTA01648685,True,https://www.justice.gov/epstein/files/DataSet%2010/EFTA01648685.mp4,mp4,video_or_audio,video/mp4,206,ok via .mp4
EFTA01648686,https://www.justice.gov/epstein/files/DataSet%2010/EFTA01648686.pdf,https://www.justice.gov/epstein/files/DataSet%2010/EFTA01648686,True,https://www.justice.gov/epstein/files/DataSet%2010/EFTA01648686.mp4,mp4,video_or_audio,video/mp4,206,ok via .mp4
EFTA01648687,https://www.justice.gov/epstein/files/DataSet%2010/EFTA01648687.pdf,https://www.justice.gov/epstein/files/DataSet%2010/EFTA01648687,True,https://www.justice.gov/epstein/files/DataSet%2010/EFTA01648687.mp4,mp4,video_or_audio,video/mp4,206,ok via .mp4
EFTA01648689,https://www.justice.gov/epstein/files/DataSet%2010/EFTA01648689.pdf,https://www.justice.gov/epstein/files/DataSet%2010/EFTA01648689,True,https://www.justice.gov/epstein/files/DataSet%2010/EFTA01648689.mp4,mp4,video_or_audio,video/mp4,206,ok via .mp4
EFTA01648690,https://www.justice.gov/epstein/files/DataSet%2010/EFTA01648690.pdf,https://www.justice.gov/epstein/files/DataSet%2010/EFTA01648690,True,https://www.justice.gov/epstein/files/DataSet%2010/EFTA01648690.mp4,mp4,video_or_audio,video/mp4,206,ok via .mp4
EFTA01648691,https://www.justice.gov/epstein/files/DataSet%2010/EFTA01648691.pdf,https://www.justice.gov/epstein/files/DataSet%2010/EFTA01648691,True,https://www.justice.gov/epstein/files/DataSet%2010/EFTA01648691.mp4,mp4,video_or_audio,video/mp4,206,ok via .mp4
EFTA01648693,https://www.justice.gov/epstein/files/DataSet%2010/EFTA01648693.pdf,https://www.justice.gov/epstein/files/DataSet%2010/EFTA01648693,True,https://www.justice.gov/epstein/files/DataSet%2010/EFTA01648693.mp4,mp4,video_or_audio,video/mp4,206,ok via .mp4
EFTA01648694,https://www.justice.gov/epstein/files/DataSet%2010/EFTA01648694.pdf,https://www.justice.gov/epstein/files/DataSet%2010/EFTA01648694,True,https://www.justice.gov/epstein/files/DataSet%2010/EFTA01648694.mp4,mp4,video_or_audio,video/mp4,206,ok via .mp4
EFTA01648696,https://www.justice.gov/epstein/files/DataSet%2010/EFTA01648696.pdf,https://www.justice.gov/epstein/files/DataSet%2010/EFTA01648696,True,https://www.justice.gov/epstein/files/DataSet%2010/EFTA01648696.mp4,mp4,video_or_audio,video/mp4,206,ok via .mp4
EFTA01648697,https://www.justice.gov/epstein/files/DataSet%2010/EFTA01648697.pdf,https://www.justice.gov/epstein/files/DataSet%2010/EFTA01648697,True,https://www.justice.gov/epstein/files/DataSet%2010/EFTA01648697.mp4,mp4,video_or_audio,video/mp4,206,ok via .mp4
EFTA01648699,https://www.justice.gov/epstein/files/DataSet%2010/EFTA01648699.pdf,https://www.justice.gov/epstein/files/DataSet%2010/EFTA01648699,True,https://www.justice.gov/epstein/files/DataSet%2010/EFTA01648699.mp4,mp4,video_or_audio,video/mp4,206,ok via .mp4
EFTA01648700,https://www.justice.gov/epstein/files/DataSet%2010/EFTA01648700.pdf,https://www.justice.gov/epstein/files/DataSet%2010/EFTA01648700,True,https://www.justice.gov/epstein/files/DataSet%2010/EFTA01648700.mp4,mp4,video_or_audio,video/mp4,206,ok via .mp4
EFTA01648701,https://www.justice.gov/epstein/files/DataSet%2010/EFTA01648701.pdf,https://www.justice.gov/epstein/files/DataSet%2010/EFTA01648701,True,https://www.justice.gov/epstein/files/DataSet%2010/EFTA01648701.mp4,mp4,video_or_audio,video/mp4,206,ok via .mp4
EFTA01648702,https://www.justice.gov/epstein/files/DataSet%2010/EFTA01648702.pdf,https://www.justice.gov/epstein/files/DataSet%2010/EFTA01648702,True,https://www.justice.gov/epstein/files/DataSet%2010/EFTA01648702.mp4,mp4,video_or_audio,video/mp4,206,ok via .mp4
EFTA01648703,https://www.justice.gov/epstein/files/DataSet%2010/EFTA01648703.pdf,https://www.justice.gov/epstein/files/DataSet%2010/EFTA01648703,True,https://www.justice.gov/epstein/files/DataSet%2010/EFTA01648703.mp4,mp4,video_or_audio,video/mp4,206,ok via .mp4
EFTA01648704,https://www.justice.gov/epstein/files/DataSet%2010/EFTA01648704.pdf,https://www.justice.gov/epstein/files/DataSet%2010/EFTA01648704,True,https://www.justice.gov/epstein/files/DataSet%2010/EFTA01648704.mp4,mp4,video_or_audio,video/mp4,206,ok via .mp4
EFTA01648705,https://www.justice.gov/epstein/files/DataSet%2010/EFTA01648705.pdf,https://www.justice.gov/epstein/files/DataSet%2010/EFTA01648705,True,https://www.justice.gov/epstein/files/DataSet%2010/EFTA01648705.mp4,mp4,video_or_audio,video/mp4,206,ok via .mp4
EFTA01648706,https://www.justice.gov/epstein/files/DataSet%2010/EFTA01648706.pdf,https://www.justice.gov/epstein/files/DataSet%2010/EFTA01648706,True,https://www.justice.gov/epstein/files/DataSet%2010/EFTA01648706.mp4,mp4,video_or_audio,video/mp4,206,ok via .mp4
EFTA01648707,https://www.justice.gov/epstein/files/DataSet%2010/EFTA01648707.pdf,https://www.justice.gov/epstein/files/DataSet%2010/EFTA01648707,True,https://www.justice.gov/epstein/files/DataSet%2010/EFTA01648707.mp4,mp4,video_or_audio,video/mp4,206,ok via .mp4
EFTA01648708,https://www.justice.gov/epstein/files/DataSet%2010/EFTA01648708.pdf,https://www.justice.gov/epstein/files/DataSet%2010/EFTA01648708,True,https://www.justice.gov/epstein/files/DataSet%2010/EFTA01648708.mp4,mp4,video_or_audio,video/mp4,206,ok via .mp4
EFTA01648709,https://www.justice.gov/epstein/files/DataSet%2010/EFTA01648709.pdf,https://www.justice.gov/epstein/files/DataSet%2010/EFTA01648709,True,https://www.justice.gov/epstein/files/DataSet%2010/EFTA01648709.mp4,mp4,video_or_audio,video/mp4,206,ok via .mp4
EFTA01648710,https://www.justice.gov/epstein/files/DataSet%2010/EFTA01648710.pdf,https://www.justice.gov/epstein/files/DataSet%2010/EFTA01648710,True,https://www.justice.gov/epstein/files/DataSet%2010/EFTA01648710.mp4,mp4,video_or_audio,video/mp4,206,ok via .mp4
EFTA01648711,https://www.justice.gov/epstein/files/DataSet%2010/EFTA01648711.pdf,https://www.justice.gov/epstein/files/DataSet%2010/EFTA01648711,True,https://www.justice.gov/epstein/files/DataSet%2010/EFTA01648711.mp4,mp4,video_or_audio,video/mp4,206,ok via .mp4
EFTA01648713,https://www.justice.gov/epstein/files/DataSet%2010/EFTA01648713.pdf,https://www.justice.gov/epstein/files/DataSet%2010/EFTA01648713,True,https://www.justice.gov/epstein/files/DataSet%2010/EFTA01648713.mp4,mp4,video_or_audio,video/mp4,206,ok via .mp4
EFTA01648716,https://www.justice.gov/epstein/files/DataSet%2010/EFTA01648716.pdf,https://www.justice.gov/epstein/files/DataSet%2010/EFTA01648716,True,https://www.justice.gov/epstein/files/DataSet%2010/EFTA01648716.mp4,mp4,video_or_audio,video/mp4,206,ok via .mp4
EFTA01648717,https://www.justice.gov/epstein/files/DataSet%2010/EFTA01648717.pdf,https://www.justice.gov/epstein/files/DataSet%2010/EFTA01648717,True,https://www.justice.gov/epstein/files/DataSet%2010/EFTA01648717.mp4,mp4,video_or_audio,video/mp4,206,ok via .mp4
EFTA01648718,https://www.justice.gov/epstein/files/DataSet%2010/EFTA01648718.pdf,https://www.justice.gov/epstein/files/DataSet%2010/EFTA01648718,True,https://www.justice.gov/epstein/files/DataSet%2010/EFTA01648718.mp4,mp4,video_or_audio,video/mp4,206,ok via .mp4
EFTA01648719,https://www.justice.gov/epstein/files/DataSet%2010/EFTA01648719.pdf,https://www.justice.gov/epstein/files/DataSet%2010/EFTA01648719,True,https://www.justice.gov/epstein/files/DataSet%2010/EFTA01648719.mp4,mp4,video_or_audio,video/mp4,206,ok via .mp4
EFTA01648720,https://www.justice.gov/epstein/files/DataSet%2010/EFTA01648720.pdf,https://www.justice.gov/epstein/files/DataSet%2010/EFTA01648720,True,https://www.justice.gov/epstein/files/DataSet%2010/EFTA01648720.mp4,mp4,video_or_audio,video/mp4,206,ok via .mp4
EFTA01648721,https://www.justice.gov/epstein/files/DataSet%2010/EFTA01648721.pdf,https://www.justice.gov/epstein/files/DataSet%2010/EFTA01648721,True,https://www.justice.gov/epstein/files/DataSet%2010/EFTA01648721.mp4,mp4,video_or_audio,video/mp4,206,ok via .mp4
EFTA01648724,https://www.justice.gov/epstein/files/DataSet%2010/EFTA01648724.pdf,https://www.justice.gov/epstein/files/DataSet%2010/EFTA01648724,True,https://www.justice.gov/epstein/files/DataSet%2010/EFTA01648724.mp4,mp4,video_or_audio,video/mp4,206,ok via .mp4
EFTA01648725,https://www.justice.gov/epstein/files/DataSet%2010/EFTA01648725.pdf,https://www.justice.gov/epstein/files/DataSet%2010/EFTA01648725,True,https://www.justice.gov/epstein/files/DataSet%2010/EFTA01648725.mp4,mp4,video_or_audio,video/mp4,206,ok via .mp4
EFTA01648727,https://www.justice.gov/epstein/files/DataSet%2010/EFTA01648727.pdf,https://www.justice.gov/epstein/files/DataSet%2010/EFTA01648727,True,https://www.justice.gov/epstein/files/DataSet%2010/EFTA01648727.mp4,mp4,video_or_audio,video/mp4,206,ok via .mp4
EFTA01648728,https://www.justice.gov/epstein/files/DataSet%2010/EFTA01648728.pdf,https://www.justice.gov/epstein/files/DataSet%2010/EFTA01648728,True,https://www.justice.gov/epstein/files/DataSet%2010/EFTA01648728.mp4,mp4,video_or_audio,video/mp4,206,ok via .mp4
EFTA01648729,https://www.justice.gov/epstein/files/DataSet%2010/EFTA01648729.pdf,https://www.justice.gov/epstein/files/DataSet%2010/EFTA01648729,True,https://www.justice.gov/epstein/files/DataSet%2010/EFTA01648729.mp4,mp4,video_or_audio,video/mp4,206,ok via .mp4
EFTA01648731,https://www.justice.gov/epstein/files/DataSet%2010/EFTA01648731.pdf,https://www.justice.gov/epstein/files/DataSet%2010/EFTA01648731,True,https://www.justice.gov/epstein/files/DataSet%2010/EFTA01648731.mp4,mp4,video_or_audio,video/mp4,206,ok via .mp4
EFTA01648732,https://www.justice.gov/epstein/files/DataSet%2010/EFTA01648732.pdf,https://www.justice.gov/epstein/files/DataSet%2010/EFTA01648732,True,https://www.justice.gov/epstein/files/DataSet%2010/EFTA01648732.mp4,mp4,video_or_audio,video/mp4,206,ok via .mp4
EFTA01648734,https://www.justice.gov/epstein/files/DataSet%2010/EFTA01648734.pdf,https://www.justice.gov/epstein/files/DataSet%2010/EFTA01648734,True,https://www.justice.gov/epstein/files/DataSet%2010/EFTA01648734.mp4,mp4,video_or_audio,video/mp4,206,ok via .mp4
EFTA01648735,https://www.justice.gov/epstein/files/DataSet%2010/EFTA01648735.pdf,https://www.justice.gov/epstein/files/DataSet%2010/EFTA01648735,True,https://www.justice.gov/epstein/files/DataSet%2010/EFTA01648735.mp4,mp4,video_or_audio,video/mp4,206,ok via .mp4
EFTA01648737,https://www.justice.gov/epstein/files/DataSet%2010/EFTA01648737.pdf,https://www.justice.gov/epstein/files/DataSet%2010/EFTA01648737,True,https://www.justice.gov/epstein/files/DataSet%2010/EFTA01648737.mp4,mp4,video_or_audio,video/mp4,206,ok via .mp4
EFTA01648739,https://www.justice.gov/epstein/files/DataSet%2010/EFTA01648739.pdf,https://www.justice.gov/epstein/files/DataSet%2010/EFTA01648739,True,https://www.justice.gov/epstein/files/DataSet%2010/EFTA01648739.mp4,mp4,video_or_audio,video/mp4,206,ok via .mp4
EFTA01648742,https://www.justice.gov/epstein/files/DataSet%2010/EFTA01648742.pdf,https://www.justice.gov/epstein/files/DataSet%2010/EFTA01648742,True,https://www.justice.gov/epstein/files/DataSet%2010/EFTA01648742.mp4,mp4,video_or_audio,video/mp4,206,ok via .mp4
EFTA01648744,https://www.justice.gov/epstein/files/DataSet%2010/EFTA01648744.pdf,https://www.justice.gov/epstein/files/DataSet%2010/EFTA01648744,True,https://www.justice.gov/epstein/files/DataSet%2010/EFTA01648744.mp4,mp4,video_or_audio,video/mp4,206,ok via .mp4
EFTA01648746,https://www.justice.gov/epstein/files/DataSet%2010/EFTA01648746.pdf,https://www.justice.gov/epstein/files/DataSet%2010/EFTA01648746,True,https://www.justice.gov/epstein/files/DataSet%2010/EFTA01648746.mp4,mp4,video_or_audio,video/mp4,206,ok via .mp4
EFTA01648747,https://www.justice.gov/epstein/files/DataSet%2010/EFTA01648747.pdf,https://www.justice.gov/epstein/files/DataSet%2010/EFTA01648747,True,https://www.justice.gov/epstein/files/DataSet%2010/EFTA01648747.mp4,mp4,video_or_audio,video/mp4,206,ok via .mp4
EFTA01648748,https://www.justice.gov/epstein/files/DataSet%2010/EFTA01648748.pdf,https://www.justice.gov/epstein/files/DataSet%2010/EFTA01648748,True,https://www.justice.gov/epstein/files/DataSet%2010/EFTA01648748.mp4,mp4,video_or_audio,video/mp4,206,ok via .mp4
EFTA01648750,https://www.justice.gov/epstein/files/DataSet%2010/EFTA01648750.pdf,https://www.justice.gov/epstein/files/DataSet%2010/EFTA01648750,True,https://www.justice.gov/epstein/files/DataSet%2010/EFTA01648750.mp4,mp4,video_or_audio,video/mp4,206,ok via .mp4
EFTA01648752,https://www.justice.gov/epstein/files/DataSet%2010/EFTA01648752.pdf,https://www.justice.gov/epstein/files/DataSet%2010/EFTA01648752,True,https://www.justice.gov/epstein/files/DataSet%2010/EFTA01648752.mp4,mp4,video_or_audio,video/mp4,206,ok via .mp4
EFTA01648753,https://www.justice.gov/epstein/files/DataSet%2010/EFTA01648753.pdf,https://www.justice.gov/epstein/files/DataSet%2010/EFTA01648753,True,https://www.justice.gov/epstein/files/DataSet%2010/EFTA01648753.mp4,mp4,video_or_audio,video/mp4,206,ok via .mp4
EFTA01648754,https://www.justice.gov/epstein/files/DataSet%2010/EFTA01648754.pdf,https://www.justice.gov/epstein/files/DataSet%2010/EFTA01648754,True,https://www.justice.gov/epstein/files/DataSet%2010/EFTA01648754.mp4,mp4,video_or_audio,video/mp4,206,ok via .mp4
EFTA01648755,https://www.justice.gov/epstein/files/DataSet%2010/EFTA01648755.pdf,https://www.justice.gov/epstein/files/DataSet%2010/EFTA01648755,True,https://www.justice.gov/epstein/files/DataSet%2010/EFTA01648755.mp4,mp4,video_or_audio,video/mp4,206,ok via .mp4
EFTA01648756,https://www.justice.gov/epstein/files/DataSet%2010/EFTA01648756.pdf,https://www.justice.gov/epstein/files/DataSet%2010/EFTA01648756,True,https://www.justice.gov/epstein/files/DataSet%2010/EFTA01648756.mp4,mp4,video_or_audio,video/mp4,206,ok via .mp4
EFTA01648757,https://www.justice.gov/epstein/files/DataSet%2010/EFTA01648757.pdf,https://www.justice.gov/epstein/files/DataSet%2010/EFTA01648757,True,https://www.justice.gov/epstein/files/DataSet%2010/EFTA01648757.mp4,mp4,video_or_audio,video/mp4,206,ok via .mp4
EFTA01648760,https://www.justice.gov/epstein/files/DataSet%2010/EFTA01648760.pdf,https://www.justice.gov/epstein/files/DataSet%2010/EFTA01648760,True,https://www.justice.gov/epstein/files/DataSet%2010/EFTA01648760.mp4,mp4,video_or_audio,video/mp4,206,ok via .mp4
EFTA01648761,https://www.justice.gov/epstein/files/DataSet%2010/EFTA01648761.pdf,https://www.justice.gov/epstein/files/DataSet%2010/EFTA01648761,True,https://www.justice.gov/epstein/files/DataSet%2010/EFTA01648761.mp4,mp4,video_or_audio,video/mp4,206,ok via .mp4
EFTA01648762,https://www.justice.gov/epstein/files/DataSet%2010/EFTA01648762.pdf,https://www.justice.gov/epstein/files/DataSet%2010/EFTA01648762,True,https://www.justice.gov/epstein/files/DataSet%2010/EFTA01648762.mp4,mp4,video_or_audio,video/mp4,206,ok via .mp4
EFTA01648763,https://www.justice.gov/epstein/files/DataSet%2010/EFTA01648763.pdf,https://www.justice.gov/epstein/files/DataSet%2010/EFTA01648763,True,https://www.justice.gov/epstein/files/DataSet%2010/EFTA01648763.mp4,mp4,video_or_audio,video/mp4,206,ok via .mp4
EFTA01648766,https://www.justice.gov/epstein/files/DataSet%2010/EFTA01648766.pdf,https://www.justice.gov/epstein/files/DataSet%2010/EFTA01648766,True,https://www.justice.gov/epstein/files/DataSet%2010/EFTA01648766.mp4,mp4,video_or_audio,video/mp4,206,ok via .mp4
EFTA01648767,https://www.justice.gov/epstein/files/DataSet%2010/EFTA01648767.pdf,https://www.justice.gov/epstein/files/DataSet%2010/EFTA01648767,True,https://www.justice.gov/epstein/files/DataSet%2010/EFTA01648767.mp4,mp4,video_or_audio,video/mp4,206,ok via .mp4
EFTA01648769,https://www.justice.gov/epstein/files/DataSet%2010/EFTA01648769.pdf,https://www.justice.gov/epstein/files/DataSet%2010/EFTA01648769,True,https://www.justice.gov/epstein/files/DataSet%2010/EFTA01648769.mp4,mp4,video_or_audio,video/mp4,206,ok via .mp4
EFTA01648770,https://www.justice.gov/epstein/files/DataSet%2010/EFTA01648770.pdf,https://www.justice.gov/epstein/files/DataSet%2010/EFTA01648770,True,https://www.justice.gov/epstein/files/DataSet%2010/EFTA01648770.mp4,mp4,video_or_audio,video/mp4,206,ok via .mp4
EFTA01648771,https://www.justice.gov/epstein/files/DataSet%2010/EFTA01648771.pdf,https://www.justice.gov/epstein/files/DataSet%2010/EFTA01648771,True,https://www.justice.gov/epstein/files/DataSet%2010/EFTA01648771.mp4,mp4,video_or_audio,video/mp4,206,ok via .mp4
EFTA01648772,https://www.justice.gov/epstein/files/DataSet%2010/EFTA01648772.pdf,https://www.justice.gov/epstein/files/DataSet%2010/EFTA01648772,True,https://www.justice.gov/epstein/files/DataSet%2010/EFTA01648772.mp4,mp4,video_or_audio,video/mp4,206,ok via .mp4
EFTA01648774,https://www.justice.gov/epstein/files/DataSet%2010/EFTA01648774.pdf,https://www.justice.gov/epstein/files/DataSet%2010/EFTA01648774,True,https://www.justice.gov/epstein/files/DataSet%2010/EFTA01648774.mp4,mp4,video_or_audio,video/mp4,206,ok via .mp4
EFTA01648775,https://www.justice.gov/epstein/files/DataSet%2010/EFTA01648775.pdf,https://www.justice.gov/epstein/files/DataSet%2010/EFTA01648775,True,https://www.justice.gov/epstein/files/DataSet%2010/EFTA01648775.mp4,mp4,video_or_audio,video/mp4,206,ok via .mp4
EFTA01648777,https://www.justice.gov/epstein/files/DataSet%2010/EFTA01648777.pdf,https://www.justice.gov/epstein/files/DataSet%2010/EFTA01648777,True,https://www.justice.gov/epstein/files/DataSet%2010/EFTA01648777.mp4,mp4,video_or_audio,video/mp4,206,ok via .mp4
EFTA01648778,https://www.justice.gov/epstein/files/DataSet%2010/EFTA01648778.pdf,https://www.justice.gov/epstein/files/DataSet%2010/EFTA01648778,True,https://www.justice.gov/epstein/files/DataSet%2010/EFTA01648778.mp4,mp4,video_or_audio,video/mp4,206,ok via .mp4
EFTA01648780,https://www.justice.gov/epstein/files/DataSet%2010/EFTA01648780.pdf,https://www.justice.gov/epstein/files/DataSet%2010/EFTA01648780,True,https://www.justice.gov/epstein/files/DataSet%2010/EFTA01648780.mp4,mp4,video_or_audio,video/mp4,206,ok via .mp4
EFTA01648781,https://www.justice.gov/epstein/files/DataSet%2010/EFTA01648781.pdf,https://www.justice.gov/epstein/files/DataSet%2010/EFTA01648781,True,https://www.justice.gov/epstein/files/DataSet%2010/EFTA01648781.mp4,mp4,video_or_audio,video/mp4,206,ok via .mp4
EFTA01648784,https://www.justice.gov/epstein/files/DataSet%2010/EFTA01648784.pdf,https://www.justice.gov/epstein/files/DataSet%2010/EFTA01648784,True,https://www.justice.gov/epstein/files/DataSet%2010/EFTA01648784.mp4,mp4,video_or_audio,video/mp4,206,ok via .mp4
EFTA01654344,https://www.justice.gov/epstein/files/DataSet%2010/EFTA01654344.pdf,https://www.justice.gov/epstein/files/DataSet%2010/EFTA01654344,False,,,,,,gated_or_rate_limited (html streak)
EFTA01682128,https://www.justice.gov/epstein/files/DataSet%2010/EFTA01682128.pdf,https://www.justice.gov/epstein/files/DataSet%2010/EFTA01682128,True,https://www.justice.gov/epstein/files/DataSet%2010/EFTA01682128.m4a,m4a,audio,audio/mp4,206,ok via .m4a
EFTA01682129,https://www.justice.gov/epstein/files/DataSet%2010/EFTA01682129.pdf,https://www.justice.gov/epstein/files/DataSet%2010/EFTA01682129,True,https://www.justice.gov/epstein/files/DataSet%2010/EFTA01682129.m4a,m4a,audio,audio/mp4,206,ok via .m4a
EFTA01682130,https://www.justice.gov/epstein/files/DataSet%2010/EFTA01682130.pdf,https://www.justice.gov/epstein/files/DataSet%2010/EFTA01682130,True,https://www.justice.gov/epstein/files/DataSet%2010/EFTA01682130.m4a,m4a,audio,audio/mp4,206,ok via .m4a
EFTA01682131,https://www.justice.gov/epstein/files/DataSet%2010/EFTA01682131.pdf,https://www.justice.gov/epstein/files/DataSet%2010/EFTA01682131,False,,,,,,gated_or_rate_limited (html streak)
EFTA01683314,https://www.justice.gov/epstein/files/DataSet%2010/EFTA01683314.pdf,https://www.justice.gov/epstein/files/DataSet%2010/EFTA01683314,True,https://www.justice.gov/epstein/files/DataSet%2010/EFTA01683314.mp4,mp4,video_or_audio,video/mp4,206,ok via .mp4
EFTA01683318,https://www.justice.gov/epstein/files/DataSet%2010/EFTA01683318.pdf,https://www.justice.gov/epstein/files/DataSet%2010/EFTA01683318,True,https://www.justice.gov/epstein/files/DataSet%2010/EFTA01683318.mp4,mp4,video_or_audio,video/mp4,206,ok via .mp4
EFTA01683327,https://www.justice.gov/epstein/files/DataSet%2010/EFTA01683327.pdf,https://www.justice.gov/epstein/files/DataSet%2010/EFTA01683327,True,https://www.justice.gov/epstein/files/DataSet%2010/EFTA01683327.mp4,mp4,video_or_audio,video/mp4,206,ok via .mp4
EFTA01683333,https://www.justice.gov/epstein/files/DataSet%2010/EFTA01683333.pdf,https://www.justice.gov/epstein/files/DataSet%2010/EFTA01683333,True,https://www.justice.gov/epstein/files/DataSet%2010/EFTA01683333.mp4,mp4,video_or_audio,video/mp4,206,ok via .mp4
EFTA01683337,https://www.justice.gov/epstein/files/DataSet%2010/EFTA01683337.pdf,https://www.justice.gov/epstein/files/DataSet%2010/EFTA01683337,True,https://www.justice.gov/epstein/files/DataSet%2010/EFTA01683337.mp4,mp4,video_or_audio,video/mp4,206,ok via .mp4
EFTA01683338,https://www.justice.gov/epstein/files/DataSet%2010/EFTA01683338.pdf,https://www.justice.gov/epstein/files/DataSet%2010/EFTA01683338,True,https://www.justice.gov/epstein/files/DataSet%2010/EFTA01683338.mp4,mp4,video_or_audio,video/mp4,206,ok via .mp4
EFTA01683339,https://www.justice.gov/epstein/files/DataSet%2010/EFTA01683339.pdf,https://www.justice.gov/epstein/files/DataSet%2010/EFTA01683339,True,https://www.justice.gov/epstein/files/DataSet%2010/EFTA01683339.mp4,mp4,video_or_audio,video/mp4,206,ok via .mp4
EFTA01683340,https://www.justice.gov/epstein/files/DataSet%2010/EFTA01683340.pdf,https://www.justice.gov/epstein/files/DataSet%2010/EFTA01683340,True,https://www.justice.gov/epstein/files/DataSet%2010/EFTA01683340.mp4,mp4,video_or_audio,video/mp4,206,ok via .mp4
EFTA01683343,https://www.justice.gov/epstein/files/DataSet%2010/EFTA01683343.pdf,https://www.justice.gov/epstein/files/DataSet%2010/EFTA01683343,True,https://www.justice.gov/epstein/files/DataSet%2010/EFTA01683343.mp4,mp4,video_or_audio,video/mp4,206,ok via .mp4
EFTA01683345,https://www.justice.gov/epstein/files/DataSet%2010/EFTA01683345.pdf,https://www.justice.gov/epstein/files/DataSet%2010/EFTA01683345,True,https://www.justice.gov/epstein/files/DataSet%2010/EFTA01683345.mp4,mp4,video_or_audio,video/mp4,206,ok via .mp4
EFTA01683348,https://www.justice.gov/epstein/files/DataSet%2010/EFTA01683348.pdf,https://www.justice.gov/epstein/files/DataSet%2010/EFTA01683348,True,https://www.justice.gov/epstein/files/DataSet%2010/EFTA01683348.mp4,mp4,video_or_audio,video/mp4,206,ok via .mp4
EFTA01683349,https://www.justice.gov/epstein/files/DataSet%2010/EFTA01683349.pdf,https://www.justice.gov/epstein/files/DataSet%2010/EFTA01683349,True,https://www.justice.gov/epstein/files/DataSet%2010/EFTA01683349.mp4,mp4,video_or_audio,video/mp4,206,ok via .mp4
EFTA01683351,https://www.justice.gov/epstein/files/DataSet%2010/EFTA01683351.pdf,https://www.justice.gov/epstein/files/DataSet%2010/EFTA01683351,True,https://www.justice.gov/epstein/files/DataSet%2010/EFTA01683351.mp4,mp4,video_or_audio,video/mp4,206,ok via .mp4
EFTA01683353,https://www.justice.gov/epstein/files/DataSet%2010/EFTA01683353.pdf,https://www.justice.gov/epstein/files/DataSet%2010/EFTA01683353,True,https://www.justice.gov/epstein/files/DataSet%2010/EFTA01683353.mp4,mp4,video_or_audio,video/mp4,206,ok via .mp4
EFTA01683355,https://www.justice.gov/epstein/files/DataSet%2010/EFTA01683355.pdf,https://www.justice.gov/epstein/files/DataSet%2010/EFTA01683355,True,https://www.justice.gov/epstein/files/DataSet%2010/EFTA01683355.mp4,mp4,video_or_audio,video/mp4,206,ok via .mp4
EFTA01683356,https://www.justice.gov/epstein/files/DataSet%2010/EFTA01683356.pdf,https://www.justice.gov/epstein/files/DataSet%2010/EFTA01683356,True,https://www.justice.gov/epstein/files/DataSet%2010/EFTA01683356.mp4,mp4,video_or_audio,video/mp4,206,ok via .mp4
EFTA01683359,https://www.justice.gov/epstein/files/DataSet%2010/EFTA01683359.pdf,https://www.justice.gov/epstein/files/DataSet%2010/EFTA01683359,True,https://www.justice.gov/epstein/files/DataSet%2010/EFTA01683359.mp4,mp4,video_or_audio,video/mp4,206,ok via .mp4
EFTA01683360,https://www.justice.gov/epstein/files/DataSet%2010/EFTA01683360.pdf,https://www.justice.gov/epstein/files/DataSet%2010/EFTA01683360,True,https://www.justice.gov/epstein/files/DataSet%2010/EFTA01683360.mp4,mp4,video_or_audio,video/mp4,206,ok via .mp4
EFTA01683361,https://www.justice.gov/epstein/files/DataSet%2010/EFTA01683361.pdf,https://www.justice.gov/epstein/files/DataSet%2010/EFTA01683361,True,https://www.justice.gov/epstein/files/DataSet%2010/EFTA01683361.mp4,mp4,video_or_audio,video/mp4,206,ok via .mp4
EFTA01683363,https://www.justice.gov/epstein/files/DataSet%2010/EFTA01683363.pdf,https://www.justice.gov/epstein/files/DataSet%2010/EFTA01683363,True,https://www.justice.gov/epstein/files/DataSet%2010/EFTA01683363.mp4,mp4,video_or_audio,video/mp4,206,ok via .mp4
EFTA01683364,https://www.justice.gov/epstein/files/DataSet%2010/EFTA01683364.pdf,https://www.justice.gov/epstein/files/DataSet%2010/EFTA01683364,True,https://www.justice.gov/epstein/files/DataSet%2010/EFTA01683364.mp4,mp4,video_or_audio,video/mp4,206,ok via .mp4
EFTA01683366,https://www.justice.gov/epstein/files/DataSet%2010/EFTA01683366.pdf,https://www.justice.gov/epstein/files/DataSet%2010/EFTA01683366,True,https://www.justice.gov/epstein/files/DataSet%2010/EFTA01683366.mp4,mp4,video_or_audio,video/mp4,206,ok via .mp4
EFTA01683367,https://www.justice.gov/epstein/files/DataSet%2010/EFTA01683367.pdf,https://www.justice.gov/epstein/files/DataSet%2010/EFTA01683367,True,https://www.justice.gov/epstein/files/DataSet%2010/EFTA01683367.mp4,mp4,video_or_audio,video/mp4,206,ok via .mp4
EFTA01683369,https://www.justice.gov/epstein/files/DataSet%2010/EFTA01683369.pdf,https://www.justice.gov/epstein/files/DataSet%2010/EFTA01683369,True,https://www.justice.gov/epstein/files/DataSet%2010/EFTA01683369.mp4,mp4,video_or_audio,video/mp4,206,ok via .mp4
EFTA01683371,https://www.justice.gov/epstein/files/DataSet%2010/EFTA01683371.pdf,https://www.justice.gov/epstein/files/DataSet%2010/EFTA01683371,True,https://www.justice.gov/epstein/files/DataSet%2010/EFTA01683371.mp4,mp4,video_or_audio,video/mp4,206,ok via .mp4
EFTA01683374,https://www.justice.gov/epstein/files/DataSet%2010/EFTA01683374.pdf,https://www.justice.gov/epstein/files/DataSet%2010/EFTA01683374,True,https://www.justice.gov/epstein/files/DataSet%2010/EFTA01683374.mp4,mp4,video_or_audio,video/mp4,206,ok via .mp4
EFTA01683375,https://www.justice.gov/epstein/files/DataSet%2010/EFTA01683375.pdf,https://www.justice.gov/epstein/files/DataSet%2010/EFTA01683375,True,https://www.justice.gov/epstein/files/DataSet%2010/EFTA01683375.mp4,mp4,video_or_audio,video/mp4,206,ok via .mp4
EFTA01683376,https://www.justice.gov/epstein/files/DataSet%2010/EFTA01683376.pdf,https://www.justice.gov/epstein/files/DataSet%2010/EFTA01683376,True,https://www.justice.gov/epstein/files/DataSet%2010/EFTA01683376.mp4,mp4,video_or_audio,video/mp4,206,ok via .mp4
EFTA01683378,https://www.justice.gov/epstein/files/DataSet%2010/EFTA01683378.pdf,https://www.justice.gov/epstein/files/DataSet%2010/EFTA01683378,True,https://www.justice.gov/epstein/files/DataSet%2010/EFTA01683378.mp4,mp4,video_or_audio,video/mp4,206,ok via .mp4
EFTA01683379,https://www.justice.gov/epstein/files/DataSet%2010/EFTA01683379.pdf,https://www.justice.gov/epstein/files/DataSet%2010/EFTA01683379,True,https://www.justice.gov/epstein/files/DataSet%2010/EFTA01683379.mp4,mp4,video_or_audio,video/mp4,206,ok via .mp4
EFTA01683380,https://www.justice.gov/epstein/files/DataSet%2010/EFTA01683380.pdf,https://www.justice.gov/epstein/files/DataSet%2010/EFTA01683380,True,https://www.justice.gov/epstein/files/DataSet%2010/EFTA01683380.mp4,mp4,video_or_audio,video/mp4,206,ok via .mp4
EFTA01683381,https://www.justice.gov/epstein/files/DataSet%2010/EFTA01683381.pdf,https://www.justice.gov/epstein/files/DataSet%2010/EFTA01683381,True,https://www.justice.gov/epstein/files/DataSet%2010/EFTA01683381.mp4,mp4,video_or_audio,video/mp4,206,ok via .mp4
EFTA01683382,https://www.justice.gov/epstein/files/DataSet%2010/EFTA01683382.pdf,https://www.justice.gov/epstein/files/DataSet%2010/EFTA01683382,True,https://www.justice.gov/epstein/files/DataSet%2010/EFTA01683382.mp4,mp4,video_or_audio,video/mp4,206,ok via .mp4
EFTA01683383,https://www.justice.gov/epstein/files/DataSet%2010/EFTA01683383.pdf,https://www.justice.gov/epstein/files/DataSet%2010/EFTA01683383,True,https://www.justice.gov/epstein/files/DataSet%2010/EFTA01683383.mp4,mp4,video_or_audio,video/mp4,206,ok via .mp4
EFTA01683384,https://www.justice.gov/epstein/files/DataSet%2010/EFTA01683384.pdf,https://www.justice.gov/epstein/files/DataSet%2010/EFTA01683384,True,https://www.justice.gov/epstein/files/DataSet%2010/EFTA01683384.mp4,mp4,video_or_audio,video/mp4,206,ok via .mp4
EFTA01683386,https://www.justice.gov/epstein/files/DataSet%2010/EFTA01683386.pdf,https://www.justice.gov/epstein/files/DataSet%2010/EFTA01683386,True,https://www.justice.gov/epstein/files/DataSet%2010/EFTA01683386.mp4,mp4,video_or_audio,video/mp4,206,ok via .mp4
EFTA01683388,https://www.justice.gov/epstein/files/DataSet%2010/EFTA01683388.pdf,https://www.justice.gov/epstein/files/DataSet%2010/EFTA01683388,True,https://www.justice.gov/epstein/files/DataSet%2010/EFTA01683388.mp4,mp4,video_or_audio,video/mp4,206,ok via .mp4
EFTA01683389,https://www.justice.gov/epstein/files/DataSet%2010/EFTA01683389.pdf,https://www.justice.gov/epstein/files/DataSet%2010/EFTA01683389,True,https://www.justice.gov/epstein/files/DataSet%2010/EFTA01683389.mp4,mp4,video_or_audio,video/mp4,206,ok via .mp4
EFTA01683391,https://www.justice.gov/epstein/files/DataSet%2010/EFTA01683391.pdf,https://www.justice.gov/epstein/files/DataSet%2010/EFTA01683391,True,https://www.justice.gov/epstein/files/DataSet%2010/EFTA01683391.mp4,mp4,video_or_audio,video/mp4,206,ok via .mp4
EFTA01683393,https://www.justice.gov/epstein/files/DataSet%2010/EFTA01683393.pdf,https://www.justice.gov/epstein/files/DataSet%2010/EFTA01683393,True,https://www.justice.gov/epstein/files/DataSet%2010/EFTA01683393.mp4,mp4,video_or_audio,video/mp4,206,ok via .mp4
EFTA01683394,https://www.justice.gov/epstein/files/DataSet%2010/EFTA01683394.pdf,https://www.justice.gov/epstein/files/DataSet%2010/EFTA01683394,True,https://www.justice.gov/epstein/files/DataSet%2010/EFTA01683394.mp4,mp4,video_or_audio,video/mp4,206,ok via .mp4
EFTA01683396,https://www.justice.gov/epstein/files/DataSet%2010/EFTA01683396.pdf,https://www.justice.gov/epstein/files/DataSet%2010/EFTA01683396,True,https://www.justice.gov/epstein/files/DataSet%2010/EFTA01683396.mp4,mp4,video_or_audio,video/mp4,206,ok via .mp4
EFTA01683397,https://www.justice.gov/epstein/files/DataSet%2010/EFTA01683397.pdf,https://www.justice.gov/epstein/files/DataSet%2010/EFTA01683397,True,https://www.justice.gov/epstein/files/DataSet%2010/EFTA01683397.mp4,mp4,video_or_audio,video/mp4,206,ok via .mp4
EFTA01683398,https://www.justice.gov/epstein/files/DataSet%2010/EFTA01683398.pdf,https://www.justice.gov/epstein/files/DataSet%2010/EFTA01683398,True,https://www.justice.gov/epstein/files/DataSet%2010/EFTA01683398.mp4,mp4,video_or_audio,video/mp4,206,ok via .mp4
EFTA01683399,https://www.justice.gov/epstein/files/DataSet%2010/EFTA01683399.pdf,https://www.justice.gov/epstein/files/DataSet%2010/EFTA01683399,True,https://www.justice.gov/epstein/files/DataSet%2010/EFTA01683399.mp4,mp4,video_or_audio,video/mp4,206,ok via .mp4
EFTA01683400,https://www.justice.gov/epstein/files/DataSet%2010/EFTA01683400.pdf,https://www.justice.gov/epstein/files/DataSet%2010/EFTA01683400,True,https://www.justice.gov/epstein/files/DataSet%2010/EFTA01683400.mp4,mp4,video_or_audio,video/mp4,206,ok via .mp4
EFTA01683403,https://www.justice.gov/epstein/files/DataSet%2010/EFTA01683403.pdf,https://www.justice.gov/epstein/files/DataSet%2010/EFTA01683403,True,https://www.justice.gov/epstein/files/DataSet%2010/EFTA01683403.mp4,mp4,video_or_audio,video/mp4,206,ok via .mp4
EFTA01683404,https://www.justice.gov/epstein/files/DataSet%2010/EFTA01683404.pdf,https://www.justice.gov/epstein/files/DataSet%2010/EFTA01683404,True,https://www.justice.gov/epstein/files/DataSet%2010/EFTA01683404.mp4,mp4,video_or_audio,video/mp4,206,ok via .mp4
EFTA01683405,https://www.justice.gov/epstein/files/DataSet%2010/EFTA01683405.pdf,https://www.justice.gov/epstein/files/DataSet%2010/EFTA01683405,True,https://www.justice.gov/epstein/files/DataSet%2010/EFTA01683405.mp4,mp4,video_or_audio,video/mp4,206,ok via .mp4
EFTA01683406,https://www.justice.gov/epstein/files/DataSet%2010/EFTA01683406.pdf,https://www.justice.gov/epstein/files/DataSet%2010/EFTA01683406,True,https://www.justice.gov/epstein/files/DataSet%2010/EFTA01683406.mp4,mp4,video_or_audio,video/mp4,206,ok via .mp4
EFTA01683409,https://www.justice.gov/epstein/files/DataSet%2010/EFTA01683409.pdf,https://www.justice.gov/epstein/files/DataSet%2010/EFTA01683409,True,https://www.justice.gov/epstein/files/DataSet%2010/EFTA01683409.mp4,mp4,video_or_audio,video/mp4,206,ok via .mp4
EFTA01683411,https://www.justice.gov/epstein/files/DataSet%2010/EFTA01683411.pdf,https://www.justice.gov/epstein/files/DataSet%2010/EFTA01683411,True,https://www.justice.gov/epstein/files/DataSet%2010/EFTA01683411.mp4,mp4,video_or_audio,video/mp4,206,ok via .mp4
EFTA01683415,https://www.justice.gov/epstein/files/DataSet%2010/EFTA01683415.pdf,https://www.justice.gov/epstein/files/DataSet%2010/EFTA01683415,True,https://www.justice.gov/epstein/files/DataSet%2010/EFTA01683415.mp4,mp4,video_or_audio,video/mp4,206,ok via .mp4
EFTA01683417,https://www.justice.gov/epstein/files/DataSet%2010/EFTA01683417.pdf,https://www.justice.gov/epstein/files/DataSet%2010/EFTA01683417,True,https://www.justice.gov/epstein/files/DataSet%2010/EFTA01683417.mp4,mp4,video_or_audio,video/mp4,206,ok via .mp4
EFTA01683421,https://www.justice.gov/epstein/files/DataSet%2010/EFTA01683421.pdf,https://www.justice.gov/epstein/files/DataSet%2010/EFTA01683421,True,https://www.justice.gov/epstein/files/DataSet%2010/EFTA01683421.mp4,mp4,video_or_audio,video/mp4,206,ok via .mp4
EFTA01683423,https://www.justice.gov/epstein/files/DataSet%2010/EFTA01683423.pdf,https://www.justice.gov/epstein/files/DataSet%2010/EFTA01683423,True,https://www.justice.gov/epstein/files/DataSet%2010/EFTA01683423.mp4,mp4,video_or_audio,video/mp4,206,ok via .mp4
EFTA01683425,https://www.justice.gov/epstein/files/DataSet%2010/EFTA01683425.pdf,https://www.justice.gov/epstein/files/DataSet%2010/EFTA01683425,True,https://www.justice.gov/epstein/files/DataSet%2010/EFTA01683425.mp4,mp4,video_or_audio,video/mp4,206,ok via .mp4
EFTA01683428,https://www.justice.gov/epstein/files/DataSet%2010/EFTA01683428.pdf,https://www.justice.gov/epstein/files/DataSet%2010/EFTA01683428,True,https://www.justice.gov/epstein/files/DataSet%2010/EFTA01683428.mp4,mp4,video_or_audio,video/mp4,206,ok via .mp4
EFTA01683433,https://www.justice.gov/epstein/files/DataSet%2010/EFTA01683433.pdf,https://www.justice.gov/epstein/files/DataSet%2010/EFTA01683433,True,https://www.justice.gov/epstein/files/DataSet%2010/EFTA01683433.mp4,mp4,video_or_audio,video/mp4,206,ok via .mp4
EFTA01683434,https://www.justice.gov/epstein/files/DataSet%2010/EFTA01683434.pdf,https://www.justice.gov/epstein/files/DataSet%2010/EFTA01683434,True,https://www.justice.gov/epstein/files/DataSet%2010/EFTA01683434.mp4,mp4,video_or_audio,video/mp4,206,ok via .mp4
EFTA01683435,https://www.justice.gov/epstein/files/DataSet%2010/EFTA01683435.pdf,https://www.justice.gov/epstein/files/DataSet%2010/EFTA01683435,True,https://www.justice.gov/epstein/files/DataSet%2010/EFTA01683435.mp4,mp4,video_or_audio,video/mp4,206,ok via .mp4
EFTA01683438,https://www.justice.gov/epstein/files/DataSet%2010/EFTA01683438.pdf,https://www.justice.gov/epstein/files/DataSet%2010/EFTA01683438,True,https://www.justice.gov/epstein/files/DataSet%2010/EFTA01683438.mp4,mp4,video_or_audio,video/mp4,206,ok via .mp4
EFTA01683440,https://www.justice.gov/epstein/files/DataSet%2010/EFTA01683440.pdf,https://www.justice.gov/epstein/files/DataSet%2010/EFTA01683440,True,https://www.justice.gov/epstein/files/DataSet%2010/EFTA01683440.mp4,mp4,video_or_audio,video/mp4,206,ok via .mp4
EFTA01683441,https://www.justice.gov/epstein/files/DataSet%2010/EFTA01683441.pdf,https://www.justice.gov/epstein/files/DataSet%2010/EFTA01683441,True,https://www.justice.gov/epstein/files/DataSet%2010/EFTA01683441.mp4,mp4,video_or_audio,video/mp4,206,ok via .mp4
EFTA01683443,https://www.justice.gov/epstein/files/DataSet%2010/EFTA01683443.pdf,https://www.justice.gov/epstein/files/DataSet%2010/EFTA01683443,True,https://www.justice.gov/epstein/files/DataSet%2010/EFTA01683443.mp4,mp4,video_or_audio,video/mp4,206,ok via .mp4
EFTA01683447,https://www.justice.gov/epstein/files/DataSet%2010/EFTA01683447.pdf,https://www.justice.gov/epstein/files/DataSet%2010/EFTA01683447,True,https://www.justice.gov/epstein/files/DataSet%2010/EFTA01683447.mp4,mp4,video_or_audio,video/mp4,206,ok via .mp4
EFTA01683449,https://www.justice.gov/epstein/files/DataSet%2010/EFTA01683449.pdf,https://www.justice.gov/epstein/files/DataSet%2010/EFTA01683449,True,https://www.justice.gov/epstein/files/DataSet%2010/EFTA01683449.mp4,mp4,video_or_audio,video/mp4,206,ok via .mp4
EFTA01683450,https://www.justice.gov/epstein/files/DataSet%2010/EFTA01683450.pdf,https://www.justice.gov/epstein/files/DataSet%2010/EFTA01683450,True,https://www.justice.gov/epstein/files/DataSet%2010/EFTA01683450.mp4,mp4,video_or_audio,video/mp4,206,ok via .mp4
EFTA01683451,https://www.justice.gov/epstein/files/DataSet%2010/EFTA01683451.pdf,https://www.justice.gov/epstein/files/DataSet%2010/EFTA01683451,True,https://www.justice.gov/epstein/files/DataSet%2010/EFTA01683451.mp4,mp4,video_or_audio,video/mp4,206,ok via .mp4
EFTA01683453,https://www.justice.gov/epstein/files/DataSet%2010/EFTA01683453.pdf,https://www.justice.gov/epstein/files/DataSet%2010/EFTA01683453,True,https://www.justice.gov/epstein/files/DataSet%2010/EFTA01683453.mp4,mp4,video_or_audio,video/mp4,206,ok via .mp4
EFTA01683456,https://www.justice.gov/epstein/files/DataSet%2010/EFTA01683456.pdf,https://www.justice.gov/epstein/files/DataSet%2010/EFTA01683456,True,https://www.justice.gov/epstein/files/DataSet%2010/EFTA01683456.mp4,mp4,video_or_audio,video/mp4,206,ok via .mp4
EFTA01683457,https://www.justice.gov/epstein/files/DataSet%2010/EFTA01683457.pdf,https://www.justice.gov/epstein/files/DataSet%2010/EFTA01683457,True,https://www.justice.gov/epstein/files/DataSet%2010/EFTA01683457.mp4,mp4,video_or_audio,video/mp4,206,ok via .mp4
EFTA01683461,https://www.justice.gov/epstein/files/DataSet%2010/EFTA01683461.pdf,https://www.justice.gov/epstein/files/DataSet%2010/EFTA01683461,True,https://www.justice.gov/epstein/files/DataSet%2010/EFTA01683461.mp4,mp4,video_or_audio,video/mp4,206,ok via .mp4
EFTA01683463,https://www.justice.gov/epstein/files/DataSet%2010/EFTA01683463.pdf,https://www.justice.gov/epstein/files/DataSet%2010/EFTA01683463,True,https://www.justice.gov/epstein/files/DataSet%2010/EFTA01683463.mp4,mp4,video_or_audio,video/mp4,206,ok via .mp4
EFTA01683465,https://www.justice.gov/epstein/files/DataSet%2010/EFTA01683465.pdf,https://www.justice.gov/epstein/files/DataSet%2010/EFTA01683465,True,https://www.justice.gov/epstein/files/DataSet%2010/EFTA01683465.mp4,mp4,video_or_audio,video/mp4,206,ok via .mp4
EFTA01683466,https://www.justice.gov/epstein/files/DataSet%2010/EFTA01683466.pdf,https://www.justice.gov/epstein/files/DataSet%2010/EFTA01683466,True,https://www.justice.gov/epstein/files/DataSet%2010/EFTA01683466.mp4,mp4,video_or_audio,video/mp4,206,ok via .mp4
EFTA01683467,https://www.justice.gov/epstein/files/DataSet%2010/EFTA01683467.pdf,https://www.justice.gov/epstein/files/DataSet%2010/EFTA01683467,True,https://www.justice.gov/epstein/files/DataSet%2010/EFTA01683467.mp4,mp4,video_or_audio,video/mp4,206,ok via .mp4
EFTA01683468,https://www.justice.gov/epstein/files/DataSet%2010/EFTA01683468.pdf,https://www.justice.gov/epstein/files/DataSet%2010/EFTA01683468,True,https://www.justice.gov/epstein/files/DataSet%2010/EFTA01683468.mp4,mp4,video_or_audio,video/mp4,206,ok via .mp4
EFTA01683469,https://www.justice.gov/epstein/files/DataSet%2010/EFTA01683469.pdf,https://www.justice.gov/epstein/files/DataSet%2010/EFTA01683469,True,https://www.justice.gov/epstein/files/DataSet%2010/EFTA01683469.mp4,mp4,video_or_audio,video/mp4,206,ok via .mp4
EFTA01683470,https://www.justice.gov/epstein/files/DataSet%2010/EFTA01683470.pdf,https://www.justice.gov/epstein/files/DataSet%2010/EFTA01683470,True,https://www.justice.gov/epstein/files/DataSet%2010/EFTA01683470.mp4,mp4,video_or_audio,video/mp4,206,ok via .mp4
EFTA01683472,https://www.justice.gov/epstein/files/DataSet%2010/EFTA01683472.pdf,https://www.justice.gov/epstein/files/DataSet%2010/EFTA01683472,True,https://www.justice.gov/epstein/files/DataSet%2010/EFTA01683472.mp4,mp4,video_or_audio,video/mp4,206,ok via .mp4
EFTA01683475,https://www.justice.gov/epstein/files/DataSet%2010/EFTA01683475.pdf,https://www.justice.gov/epstein/files/DataSet%2010/EFTA01683475,True,https://www.justice.gov/epstein/files/DataSet%2010/EFTA01683475.mp4,mp4,video_or_audio,video/mp4,206,ok via .mp4
EFTA01683477,https://www.justice.gov/epstein/files/DataSet%2010/EFTA01683477.pdf,https://www.justice.gov/epstein/files/DataSet%2010/EFTA01683477,True,https://www.justice.gov/epstein/files/DataSet%2010/EFTA01683477.mp4,mp4,video_or_audio,video/mp4,206,ok via .mp4
EFTA01683478,https://www.justice.gov/epstein/files/DataSet%2010/EFTA01683478.pdf,https://www.justice.gov/epstein/files/DataSet%2010/EFTA01683478,True,https://www.justice.gov/epstein/files/DataSet%2010/EFTA01683478.mp4,mp4,video_or_audio,video/mp4,206,ok via .mp4
EFTA01683479,https://www.justice.gov/epstein/files/DataSet%2010/EFTA01683479.pdf,https://www.justice.gov/epstein/files/DataSet%2010/EFTA01683479,True,https://www.justice.gov/epstein/files/DataSet%2010/EFTA01683479.mp4,mp4,video_or_audio,video/mp4,206,ok via .mp4
EFTA01683482,https://www.justice.gov/epstein/files/DataSet%2010/EFTA01683482.pdf,https://www.justice.gov/epstein/files/DataSet%2010/EFTA01683482,True,https://www.justice.gov/epstein/files/DataSet%2010/EFTA01683482.mov,mov,video,video/quicktime,206,ok via .mov
EFTA01683484,https://www.justice.gov/epstein/files/DataSet%2010/EFTA01683484.pdf,https://www.justice.gov/epstein/files/DataSet%2010/EFTA01683484,True,https://www.justice.gov/epstein/files/DataSet%2010/EFTA01683484.mp4,mp4,video_or_audio,video/mp4,206,ok via .mp4
EFTA01683486,https://www.justice.gov/epstein/files/DataSet%2010/EFTA01683486.pdf,https://www.justice.gov/epstein/files/DataSet%2010/EFTA01683486,True,https://www.justice.gov/epstein/files/DataSet%2010/EFTA01683486.mp4,mp4,video_or_audio,video/mp4,206,ok via .mp4
EFTA01683488,https://www.justice.gov/epstein/files/DataSet%2010/EFTA01683488.pdf,https://www.justice.gov/epstein/files/DataSet%2010/EFTA01683488,True,https://www.justice.gov/epstein/files/DataSet%2010/EFTA01683488.mp4,mp4,video_or_audio,video/mp4,206,ok via .mp4
EFTA01683489,https://www.justice.gov/epstein/files/DataSet%2010/EFTA01683489.pdf,https://www.justice.gov/epstein/files/DataSet%2010/EFTA01683489,True,https://www.justice.gov/epstein/files/DataSet%2010/EFTA01683489.mp4,mp4,video_or_audio,video/mp4,206,ok via .mp4
EFTA01683491,https://www.justice.gov/epstein/files/DataSet%2010/EFTA01683491.pdf,https://www.justice.gov/epstein/files/DataSet%2010/EFTA01683491,True,https://www.justice.gov/epstein/files/DataSet%2010/EFTA01683491.mp4,mp4,video_or_audio,video/mp4,206,ok via .mp4
EFTA01683492,https://www.justice.gov/epstein/files/DataSet%2010/EFTA01683492.pdf,https://www.justice.gov/epstein/files/DataSet%2010/EFTA01683492,True,https://www.justice.gov/epstein/files/DataSet%2010/EFTA01683492.mp4,mp4,video_or_audio,video/mp4,206,ok via .mp4
EFTA01683495,https://www.justice.gov/epstein/files/DataSet%2010/EFTA01683495.pdf,https://www.justice.gov/epstein/files/DataSet%2010/EFTA01683495,True,https://www.justice.gov/epstein/files/DataSet%2010/EFTA01683495.mp4,mp4,video_or_audio,video/mp4,206,ok via .mp4
EFTA01683497,https://www.justice.gov/epstein/files/DataSet%2010/EFTA01683497.pdf,https://www.justice.gov/epstein/files/DataSet%2010/EFTA01683497,True,https://www.justice.gov/epstein/files/DataSet%2010/EFTA01683497.mp4,mp4,video_or_audio,video/mp4,206,ok via .mp4
EFTA01683501,https://www.justice.gov/epstein/files/DataSet%2010/EFTA01683501.pdf,https://www.justice.gov/epstein/files/DataSet%2010/EFTA01683501,True,https://www.justice.gov/epstein/files/DataSet%2010/EFTA01683501.mp4,mp4,video_or_audio,video/mp4,206,ok via .mp4
EFTA01683503,https://www.justice.gov/epstein/files/DataSet%2010/EFTA01683503.pdf,https://www.justice.gov/epstein/files/DataSet%2010/EFTA01683503,True,https://www.justice.gov/epstein/files/DataSet%2010/EFTA01683503.mp4,mp4,video_or_audio,video/mp4,206,ok via .mp4
EFTA01683505,https://www.justice.gov/epstein/files/DataSet%2010/EFTA01683505.pdf,https://www.justice.gov/epstein/files/DataSet%2010/EFTA01683505,True,https://www.justice.gov/epstein/files/DataSet%2010/EFTA01683505.mp4,mp4,video_or_audio,video/mp4,206,ok via .mp4
EFTA01683506,https://www.justice.gov/epstein/files/DataSet%2010/EFTA01683506.pdf,https://www.justice.gov/epstein/files/DataSet%2010/EFTA01683506,True,https://www.justice.gov/epstein/files/DataSet%2010/EFTA01683506.mp4,mp4,video_or_audio,video/mp4,206,ok via .mp4
EFTA01683507,https://www.justice.gov/epstein/files/DataSet%2010/EFTA01683507.pdf,https://www.justice.gov/epstein/files/DataSet%2010/EFTA01683507,True,https://www.justice.gov/epstein/files/DataSet%2010/EFTA01683507.mp4,mp4,video_or_audio,video/mp4,206,ok via .mp4
EFTA01683508,https://www.justice.gov/epstein/files/DataSet%2010/EFTA01683508.pdf,https://www.justice.gov/epstein/files/DataSet%2010/EFTA01683508,True,https://www.justice.gov/epstein/files/DataSet%2010/EFTA01683508.mp4,mp4,video_or_audio,video/mp4,206,ok via .mp4
EFTA01683510,https://www.justice.gov/epstein/files/DataSet%2010/EFTA01683510.pdf,https://www.justice.gov/epstein/files/DataSet%2010/EFTA01683510,True,https://www.justice.gov/epstein/files/DataSet%2010/EFTA01683510.mp4,mp4,video_or_audio,video/mp4,206,ok via .mp4
EFTA01683512,https://www.justice.gov/epstein/files/DataSet%2010/EFTA01683512.pdf,https://www.justice.gov/epstein/files/DataSet%2010/EFTA01683512,True,https://www.justice.gov/epstein/files/DataSet%2010/EFTA01683512.mp4,mp4,video_or_audio,video/mp4,206,ok via .mp4
EFTA01683515,https://www.justice.gov/epstein/files/DataSet%2010/EFTA01683515.pdf,https://www.justice.gov/epstein/files/DataSet%2010/EFTA01683515,True,https://www.justice.gov/epstein/files/DataSet%2010/EFTA01683515.mp4,mp4,video_or_audio,video/mp4,206,ok via .mp4
EFTA01683520,https://www.justice.gov/epstein/files/DataSet%2010/EFTA01683520.pdf,https://www.justice.gov/epstein/files/DataSet%2010/EFTA01683520,True,https://www.justice.gov/epstein/files/DataSet%2010/EFTA01683520.mp4,mp4,video_or_audio,video/mp4,206,ok via .mp4
EFTA01683522,https://www.justice.gov/epstein/files/DataSet%2010/EFTA01683522.pdf,https://www.justice.gov/epstein/files/DataSet%2010/EFTA01683522,True,https://www.justice.gov/epstein/files/DataSet%2010/EFTA01683522.mp4,mp4,video_or_audio,video/mp4,206,ok via .mp4
EFTA01683523,https://www.justice.gov/epstein/files/DataSet%2010/EFTA01683523.pdf,https://www.justice.gov/epstein/files/DataSet%2010/EFTA01683523,True,https://www.justice.gov/epstein/files/DataSet%2010/EFTA01683523.mp4,mp4,video_or_audio,video/mp4,206,ok via .mp4
EFTA01683525,https://www.justice.gov/epstein/files/DataSet%2010/EFTA01683525.pdf,https://www.justice.gov/epstein/files/DataSet%2010/EFTA01683525,True,https://www.justice.gov/epstein/files/DataSet%2010/EFTA01683525.mp4,mp4,video_or_audio,video/mp4,206,ok via .mp4
EFTA01683528,https://www.justice.gov/epstein/files/DataSet%2010/EFTA01683528.pdf,https://www.justice.gov/epstein/files/DataSet%2010/EFTA01683528,True,https://www.justice.gov/epstein/files/DataSet%2010/EFTA01683528.mp4,mp4,video_or_audio,video/mp4,206,ok via .mp4
EFTA01683529,https://www.justice.gov/epstein/files/DataSet%2010/EFTA01683529.pdf,https://www.justice.gov/epstein/files/DataSet%2010/EFTA01683529,True,https://www.justice.gov/epstein/files/DataSet%2010/EFTA01683529.mp4,mp4,video_or_audio,video/mp4,206,ok via .mp4
EFTA01683530,https://www.justice.gov/epstein/files/DataSet%2010/EFTA01683530.pdf,https://www.justice.gov/epstein/files/DataSet%2010/EFTA01683530,True,https://www.justice.gov/epstein/files/DataSet%2010/EFTA01683530.mp4,mp4,video_or_audio,video/mp4,206,ok via .mp4
EFTA01683532,https://www.justice.gov/epstein/files/DataSet%2010/EFTA01683532.pdf,https://www.justice.gov/epstein/files/DataSet%2010/EFTA01683532,True,https://www.justice.gov/epstein/files/DataSet%2010/EFTA01683532.mp4,mp4,video_or_audio,video/mp4,206,ok via .mp4
EFTA01683533,https://www.justice.gov/epstein/files/DataSet%2010/EFTA01683533.pdf,https://www.justice.gov/epstein/files/DataSet%2010/EFTA01683533,True,https://www.justice.gov/epstein/files/DataSet%2010/EFTA01683533.mp4,mp4,video_or_audio,video/mp4,206,ok via .mp4
EFTA01683534,https://www.justice.gov/epstein/files/DataSet%2010/EFTA01683534.pdf,https://www.justice.gov/epstein/files/DataSet%2010/EFTA01683534,True,https://www.justice.gov/epstein/files/DataSet%2010/EFTA01683534.mp4,mp4,video_or_audio,video/mp4,206,ok via .mp4
EFTA01683536,https://www.justice.gov/epstein/files/DataSet%2010/EFTA01683536.pdf,https://www.justice.gov/epstein/files/DataSet%2010/EFTA01683536,True,https://www.justice.gov/epstein/files/DataSet%2010/EFTA01683536.mp4,mp4,video_or_audio,video/mp4,206,ok via .mp4
EFTA01683538,https://www.justice.gov/epstein/files/DataSet%2010/EFTA01683538.pdf,https://www.justice.gov/epstein/files/DataSet%2010/EFTA01683538,True,https://www.justice.gov/epstein/files/DataSet%2010/EFTA01683538.mp4,mp4,video_or_audio,video/mp4,206,ok via .mp4
EFTA01683539,https://www.justice.gov/epstein/files/DataSet%2010/EFTA01683539.pdf,https://www.justice.gov/epstein/files/DataSet%2010/EFTA01683539,True,https://www.justice.gov/epstein/files/DataSet%2010/EFTA01683539.mp4,mp4,video_or_audio,video/mp4,206,ok via .mp4
EFTA01683540,https://www.justice.gov/epstein/files/DataSet%2010/EFTA01683540.pdf,https://www.justice.gov/epstein/files/DataSet%2010/EFTA01683540,True,https://www.justice.gov/epstein/files/DataSet%2010/EFTA01683540.mp4,mp4,video_or_audio,video/mp4,206,ok via .mp4
EFTA01683541,https://www.justice.gov/epstein/files/DataSet%2010/EFTA01683541.pdf,https://www.justice.gov/epstein/files/DataSet%2010/EFTA01683541,True,https://www.justice.gov/epstein/files/DataSet%2010/EFTA01683541.mp4,mp4,video_or_audio,video/mp4,206,ok via .mp4
EFTA01683542,https://www.justice.gov/epstein/files/DataSet%2010/EFTA01683542.pdf,https://www.justice.gov/epstein/files/DataSet%2010/EFTA01683542,True,https://www.justice.gov/epstein/files/DataSet%2010/EFTA01683542.mp4,mp4,video_or_audio,video/mp4,206,ok via .mp4
EFTA01683546,https://www.justice.gov/epstein/files/DataSet%2010/EFTA01683546.pdf,https://www.justice.gov/epstein/files/DataSet%2010/EFTA01683546,False,,,,,,gated_or_rate_limited (html streak)
EFTA01683547,https://www.justice.gov/epstein/files/DataSet%2010/EFTA01683547.pdf,https://www.justice.gov/epstein/files/DataSet%2010/EFTA01683547,False,,,,,,gated_or_rate_limited (html streak)
EFTA01683548,https://www.justice.gov/epstein/files/DataSet%2010/EFTA01683548.pdf,https://www.justice.gov/epstein/files/DataSet%2010/EFTA01683548,False,,,,,,gated_or_rate_limited (html streak)
EFTA01683550,https://www.justice.gov/epstein/files/DataSet%2010/EFTA01683550.pdf,https://www.justice.gov/epstein/files/DataSet%2010/EFTA01683550,True,https://www.justice.gov/epstein/files/DataSet%2010/EFTA01683550.mp4,mp4,video_or_audio,video/mp4,206,ok via .mp4
EFTA01683551,https://www.justice.gov/epstein/files/DataSet%2010/EFTA01683551.pdf,https://www.justice.gov/epstein/files/DataSet%2010/EFTA01683551,True,https://www.justice.gov/epstein/files/DataSet%2010/EFTA01683551.mp4,mp4,video_or_audio,video/mp4,206,ok via .mp4
EFTA01683552,https://www.justice.gov/epstein/files/DataSet%2010/EFTA01683552.pdf,https://www.justice.gov/epstein/files/DataSet%2010/EFTA01683552,True,https://www.justice.gov/epstein/files/DataSet%2010/EFTA01683552.mp4,mp4,video_or_audio,video/mp4,206,ok via .mp4
EFTA01683555,https://www.justice.gov/epstein/files/DataSet%2010/EFTA01683555.pdf,https://www.justice.gov/epstein/files/DataSet%2010/EFTA01683555,True,https://www.justice.gov/epstein/files/DataSet%2010/EFTA01683555.mp4,mp4,video_or_audio,video/mp4,206,ok via .mp4
EFTA01683556,https://www.justice.gov/epstein/files/DataSet%2010/EFTA01683556.pdf,https://www.justice.gov/epstein/files/DataSet%2010/EFTA01683556,True,https://www.justice.gov/epstein/files/DataSet%2010/EFTA01683556.mp4,mp4,video_or_audio,video/mp4,206,ok via .mp4
EFTA01683557,https://www.justice.gov/epstein/files/DataSet%2010/EFTA01683557.pdf,https://www.justice.gov/epstein/files/DataSet%2010/EFTA01683557,True,https://www.justice.gov/epstein/files/DataSet%2010/EFTA01683557.mp4,mp4,video_or_audio,video/mp4,206,ok via .mp4
EFTA01683558,https://www.justice.gov/epstein/files/DataSet%2010/EFTA01683558.pdf,https://www.justice.gov/epstein/files/DataSet%2010/EFTA01683558,True,https://www.justice.gov/epstein/files/DataSet%2010/EFTA01683558.mp4,mp4,video_or_audio,video/mp4,206,ok via .mp4
EFTA01683559,https://www.justice.gov/epstein/files/DataSet%2010/EFTA01683559.pdf,https://www.justice.gov/epstein/files/DataSet%2010/EFTA01683559,True,https://www.justice.gov/epstein/files/DataSet%2010/EFTA01683559.mp4,mp4,video_or_audio,video/mp4,206,ok via .mp4
EFTA01683560,https://www.justice.gov/epstein/files/DataSet%2010/EFTA01683560.pdf,https://www.justice.gov/epstein/files/DataSet%2010/EFTA01683560,True,https://www.justice.gov/epstein/files/DataSet%2010/EFTA01683560.mp4,mp4,video_or_audio,video/mp4,206,ok via .mp4
EFTA01683561,https://www.justice.gov/epstein/files/DataSet%2010/EFTA01683561.pdf,https://www.justice.gov/epstein/files/DataSet%2010/EFTA01683561,True,https://www.justice.gov/epstein/files/DataSet%2010/EFTA01683561.mp4,mp4,video_or_audio,video/mp4,206,ok via .mp4
EFTA01683563,https://www.justice.gov/epstein/files/DataSet%2010/EFTA01683563.pdf,https://www.justice.gov/epstein/files/DataSet%2010/EFTA01683563,True,https://www.justice.gov/epstein/files/DataSet%2010/EFTA01683563.mp4,mp4,video_or_audio,video/mp4,206,ok via .mp4
EFTA01683567,https://www.justice.gov/epstein/files/DataSet%2010/EFTA01683567.pdf,https://www.justice.gov/epstein/files/DataSet%2010/EFTA01683567,True,https://www.justice.gov/epstein/files/DataSet%2010/EFTA01683567.mp4,mp4,video_or_audio,video/mp4,206,ok via .mp4
EFTA01683571,https://www.justice.gov/epstein/files/DataSet%2010/EFTA01683571.pdf,https://www.justice.gov/epstein/files/DataSet%2010/EFTA01683571,True,https://www.justice.gov/epstein/files/DataSet%2010/EFTA01683571.mp4,mp4,video_or_audio,video/mp4,206,ok via .mp4
EFTA01688313,https://www.justice.gov/epstein/files/DataSet%2010/EFTA01688313.pdf,https://www.justice.gov/epstein/files/DataSet%2010/EFTA01688313,True,https://www.justice.gov/epstein/files/DataSet%2010/EFTA01688313.mp4,mp4,video_or_audio,video/mp4,206,ok via .mp4
EFTA01688314,https://www.justice.gov/epstein/files/DataSet%2010/EFTA01688314.pdf,https://www.justice.gov/epstein/files/DataSet%2010/EFTA01688314,True,https://www.justice.gov/epstein/files/DataSet%2010/EFTA01688314.mov,mov,video,video/quicktime,206,ok via .mov
EFTA01688315,https://www.justice.gov/epstein/files/DataSet%2010/EFTA01688315.pdf,https://www.justice.gov/epstein/files/DataSet%2010/EFTA01688315,True,https://www.justice.gov/epstein/files/DataSet%2010/EFTA01688315.mp4,mp4,video_or_audio,video/mp4,206,ok via .mp4
EFTA01688316,https://www.justice.gov/epstein/files/DataSet%2010/EFTA01688316.pdf,https://www.justice.gov/epstein/files/DataSet%2010/EFTA01688316,True,https://www.justice.gov/epstein/files/DataSet%2010/EFTA01688316.mp4,mp4,video_or_audio,video/mp4,206,ok via .mp4
EFTA01688317,https://www.justice.gov/epstein/files/DataSet%2010/EFTA01688317.pdf,https://www.justice.gov/epstein/files/DataSet%2010/EFTA01688317,True,https://www.justice.gov/epstein/files/DataSet%2010/EFTA01688317.mp4,mp4,video_or_audio,video/mp4,206,ok via .mp4
EFTA01688318,https://www.justice.gov/epstein/files/DataSet%2010/EFTA01688318.pdf,https://www.justice.gov/epstein/files/DataSet%2010/EFTA01688318,True,https://www.justice.gov/epstein/files/DataSet%2010/EFTA01688318.mp4,mp4,video_or_audio,video/mp4,206,ok via .mp4
EFTA01688319,https://www.justice.gov/epstein/files/DataSet%2010/EFTA01688319.pdf,https://www.justice.gov/epstein/files/DataSet%2010/EFTA01688319,True,https://www.justice.gov/epstein/files/DataSet%2010/EFTA01688319.mp4,mp4,video_or_audio,video/mp4,206,ok via .mp4
EFTA01688321,https://www.justice.gov/epstein/files/DataSet%2010/EFTA01688321.pdf,https://www.justice.gov/epstein/files/DataSet%2010/EFTA01688321,True,https://www.justice.gov/epstein/files/DataSet%2010/EFTA01688321.mp4,mp4,video_or_audio,video/mp4,206,ok via .mp4
EFTA01688322,https://www.justice.gov/epstein/files/DataSet%2010/EFTA01688322.pdf,https://www.justice.gov/epstein/files/DataSet%2010/EFTA01688322,True,https://www.justice.gov/epstein/files/DataSet%2010/EFTA01688322.mp4,mp4,video_or_audio,video/mp4,206,ok via .mp4
EFTA01688323,https://www.justice.gov/epstein/files/DataSet%2010/EFTA01688323.pdf,https://www.justice.gov/epstein/files/DataSet%2010/EFTA01688323,True,https://www.justice.gov/epstein/files/DataSet%2010/EFTA01688323.mp4,mp4,video_or_audio,video/mp4,206,ok via .mp4
EFTA01688324,https://www.justice.gov/epstein/files/DataSet%2010/EFTA01688324.pdf,https://www.justice.gov/epstein/files/DataSet%2010/EFTA01688324,True,https://www.justice.gov/epstein/files/DataSet%2010/EFTA01688324.mp4,mp4,video_or_audio,video/mp4,206,ok via .mp4
EFTA01688325,https://www.justice.gov/epstein/files/DataSet%2010/EFTA01688325.pdf,https://www.justice.gov/epstein/files/DataSet%2010/EFTA01688325,True,https://www.justice.gov/epstein/files/DataSet%2010/EFTA01688325.mp4,mp4,video_or_audio,video/mp4,206,ok via .mp4
EFTA01688326,https://www.justice.gov/epstein/files/DataSet%2010/EFTA01688326.pdf,https://www.justice.gov/epstein/files/DataSet%2010/EFTA01688326,True,https://www.justice.gov/epstein/files/DataSet%2010/EFTA01688326.mp4,mp4,video_or_audio,video/mp4,206,ok via .mp4
EFTA01688327,https://www.justice.gov/epstein/files/DataSet%2010/EFTA01688327.pdf,https://www.justice.gov/epstein/files/DataSet%2010/EFTA01688327,True,https://www.justice.gov/epstein/files/DataSet%2010/EFTA01688327.mp4,mp4,video_or_audio,video/mp4,206,ok via .mp4
EFTA01688328,https://www.justice.gov/epstein/files/DataSet%2010/EFTA01688328.pdf,https://www.justice.gov/epstein/files/DataSet%2010/EFTA01688328,True,https://www.justice.gov/epstein/files/DataSet%2010/EFTA01688328.mp4,mp4,video_or_audio,video/mp4,206,ok via .mp4
EFTA01688329,https://www.justice.gov/epstein/files/DataSet%2010/EFTA01688329.pdf,https://www.justice.gov/epstein/files/DataSet%2010/EFTA01688329,True,https://www.justice.gov/epstein/files/DataSet%2010/EFTA01688329.mp4,mp4,video_or_audio,video/mp4,206,ok via .mp4
EFTA01688330,https://www.justice.gov/epstein/files/DataSet%2010/EFTA01688330.pdf,https://www.justice.gov/epstein/files/DataSet%2010/EFTA01688330,True,https://www.justice.gov/epstein/files/DataSet%2010/EFTA01688330.mp4,mp4,video_or_audio,video/mp4,206,ok via .mp4
EFTA01688331,https://www.justice.gov/epstein/files/DataSet%2010/EFTA01688331.pdf,https://www.justice.gov/epstein/files/DataSet%2010/EFTA01688331,True,https://www.justice.gov/epstein/files/DataSet%2010/EFTA01688331.mp4,mp4,video_or_audio,video/mp4,206,ok via .mp4
EFTA01688332,https://www.justice.gov/epstein/files/DataSet%2010/EFTA01688332.pdf,https://www.justice.gov/epstein/files/DataSet%2010/EFTA01688332,True,https://www.justice.gov/epstein/files/DataSet%2010/EFTA01688332.mp4,mp4,video_or_audio,video/mp4,206,ok via .mp4
EFTA01688333,https://www.justice.gov/epstein/files/DataSet%2010/EFTA01688333.pdf,https://www.justice.gov/epstein/files/DataSet%2010/EFTA01688333,True,https://www.justice.gov/epstein/files/DataSet%2010/EFTA01688333.mp4,mp4,video_or_audio,video/mp4,206,ok via .mp4
EFTA01688334,https://www.justice.gov/epstein/files/DataSet%2010/EFTA01688334.pdf,https://www.justice.gov/epstein/files/DataSet%2010/EFTA01688334,True,https://www.justice.gov/epstein/files/DataSet%2010/EFTA01688334.mp4,mp4,video_or_audio,video/mp4,206,ok via .mp4
EFTA01688335,https://www.justice.gov/epstein/files/DataSet%2010/EFTA01688335.pdf,https://www.justice.gov/epstein/files/DataSet%2010/EFTA01688335,True,https://www.justice.gov/epstein/files/DataSet%2010/EFTA01688335.mp4,mp4,video_or_audio,video/mp4,206,ok via .mp4
EFTA01688336,https://www.justice.gov/epstein/files/DataSet%2010/EFTA01688336.pdf,https://www.justice.gov/epstein/files/DataSet%2010/EFTA01688336,True,https://www.justice.gov/epstein/files/DataSet%2010/EFTA01688336.mp3,mp3,audio,audio/mpeg,206,ok via .mp3
EFTA01688338,https://www.justice.gov/epstein/files/DataSet%2010/EFTA01688338.pdf,https://www.justice.gov/epstein/files/DataSet%2010/EFTA01688338,True,https://www.justice.gov/epstein/files/DataSet%2010/EFTA01688338.mp4,mp4,video_or_audio,video/mp4,206,ok via .mp4
EFTA01688340,https://www.justice.gov/epstein/files/DataSet%2010/EFTA01688340.pdf,https://www.justice.gov/epstein/files/DataSet%2010/EFTA01688340,True,https://www.justice.gov/epstein/files/DataSet%2010/EFTA01688340.mp4,mp4,video_or_audio,video/mp4,206,ok via .mp4
EFTA01688341,https://www.justice.gov/epstein/files/DataSet%2010/EFTA01688341.pdf,https://www.justice.gov/epstein/files/DataSet%2010/EFTA01688341,True,https://www.justice.gov/epstein/files/DataSet%2010/EFTA01688341.mp4,mp4,video_or_audio,video/mp4,206,ok via .mp4
EFTA01688342,https://www.justice.gov/epstein/files/DataSet%2010/EFTA01688342.pdf,https://www.justice.gov/epstein/files/DataSet%2010/EFTA01688342,True,https://www.justice.gov/epstein/files/DataSet%2010/EFTA01688342.mp4,mp4,video_or_audio,video/mp4,206,ok via .mp4
EFTA01688344,https://www.justice.gov/epstein/files/DataSet%2010/EFTA01688344.pdf,https://www.justice.gov/epstein/files/DataSet%2010/EFTA01688344,True,https://www.justice.gov/epstein/files/DataSet%2010/EFTA01688344.mp4,mp4,video_or_audio,video/mp4,206,ok via .mp4
EFTA01688349,https://www.justice.gov/epstein/files/DataSet%2010/EFTA01688349.pdf,https://www.justice.gov/epstein/files/DataSet%2010/EFTA01688349,True,https://www.justice.gov/epstein/files/DataSet%2010/EFTA01688349.mp4,mp4,video_or_audio,video/mp4,206,ok via .mp4
EFTA01688350,https://www.justice.gov/epstein/files/DataSet%2010/EFTA01688350.pdf,https://www.justice.gov/epstein/files/DataSet%2010/EFTA01688350,True,https://www.justice.gov/epstein/files/DataSet%2010/EFTA01688350.mp4,mp4,video_or_audio,video/mp4,206,ok via .mp4
EFTA01688352,https://www.justice.gov/epstein/files/DataSet%2010/EFTA01688352.pdf,https://www.justice.gov/epstein/files/DataSet%2010/EFTA01688352,True,https://www.justice.gov/epstein/files/DataSet%2010/EFTA01688352.mp4,mp4,video_or_audio,video/mp4,206,ok via .mp4
EFTA01688354,https://www.justice.gov/epstein/files/DataSet%2010/EFTA01688354.pdf,https://www.justice.gov/epstein/files/DataSet%2010/EFTA01688354,True,https://www.justice.gov/epstein/files/DataSet%2010/EFTA01688354.mp4,mp4,video_or_audio,video/mp4,206,ok via .mp4
EFTA01688355,https://www.justice.gov/epstein/files/DataSet%2010/EFTA01688355.pdf,https://www.justice.gov/epstein/files/DataSet%2010/EFTA01688355,True,https://www.justice.gov/epstein/files/DataSet%2010/EFTA01688355.mp4,mp4,video_or_audio,video/mp4,206,ok via .mp4
EFTA01688358,https://www.justice.gov/epstein/files/DataSet%2010/EFTA01688358.pdf,https://www.justice.gov/epstein/files/DataSet%2010/EFTA01688358,True,https://www.justice.gov/epstein/files/DataSet%2010/EFTA01688358.mp4,mp4,video_or_audio,video/mp4,206,ok via .mp4
EFTA01731285,https://www.justice.gov/epstein/files/DataSet%2010/EFTA01731285.pdf,https://www.justice.gov/epstein/files/DataSet%2010/EFTA01731285,True,https://www.justice.gov/epstein/files/DataSet%2010/EFTA01731285.mp4,mp4,video_or_audio,video/mp4,206,ok via .mp4
EFTA02674462,https://www.justice.gov/epstein/files/DataSet%2011/EFTA02674462.pdf,https://www.justice.gov/epstein/files/DataSet%2011/EFTA02674462,False,,,,,,gated_or_rate_limited (html streak)
EFTA02698946,https://www.justice.gov/epstein/files/DataSet%2011/EFTA02698946.pdf,https://www.justice.gov/epstein/files/DataSet%2011/EFTA02698946,False,,,,,,gated_or_rate_limited (html streak)
EFTA02713876,https://www.justice.gov/epstein/files/DataSet%2011/EFTA02713876.pdf,https://www.justice.gov/epstein/files/DataSet%2011/EFTA02713876,False,,,,,,gated_or_rate_limited (html streak)
EFTA02720005,https://www.justice.gov/epstein/files/DataSet%2011/EFTA02720005.pdf,https://www.justice.gov/epstein/files/DataSet%2011/EFTA02720005,False,,,,,,gated_or_rate_limited (html streak)
EFTA00003212,https://www.justice.gov/epstein/files/DataSet%202/EFTA00003212.pdf,https://www.justice.gov/epstein/files/DataSet%202/EFTA00003212,False,,,,,,gated_or_rate_limited (html streak)
EFTA00010707,https://www.justice.gov/epstein/files/DataSet%208/EFTA00010707.pdf,https://www.justice.gov/epstein/files/DataSet%208/EFTA00010707,True,https://www.justice.gov/epstein/files/DataSet%208/EFTA00010707.mp4,mp4,video_or_audio,video/mp4,206,ok via .mp4
EFTA00014716,https://www.justice.gov/epstein/files/DataSet%208/EFTA00014716.pdf,https://www.justice.gov/epstein/files/DataSet%208/EFTA00014716,True,https://www.justice.gov/epstein/files/DataSet%208/EFTA00014716.m4a,m4a,audio,audio/mp4,206,ok via .m4a
EFTA00015032,https://www.justice.gov/epstein/files/DataSet%208/EFTA00015032.pdf,https://www.justice.gov/epstein/files/DataSet%208/EFTA00015032,False,,,,,,gated_or_rate_limited (html streak)
EFTA00015920,https://www.justice.gov/epstein/files/DataSet%208/EFTA00015920.pdf,https://www.justice.gov/epstein/files/DataSet%208/EFTA00015920,True,https://www.justice.gov/epstein/files/DataSet%208/EFTA00015920.m4a,m4a,audio,audio/mp4,206,ok via .m4a
EFTA00016155,https://www.justice.gov/epstein/files/DataSet%208/EFTA00016155.pdf,https://www.justice.gov/epstein/files/DataSet%208/EFTA00016155,False,,,,,,gated_or_rate_limited (html streak)
EFTA00016338,https://www.justice.gov/epstein/files/DataSet%208/EFTA00016338.pdf,https://www.justice.gov/epstein/files/DataSet%208/EFTA00016338,False,,,,,,gated_or_rate_limited (html streak)
EFTA00016339,https://www.justice.gov/epstein/files/DataSet%208/EFTA00016339.pdf,https://www.justice.gov/epstein/files/DataSet%208/EFTA00016339,False,,,,,,gated_or_rate_limited (html streak)
EFTA00016341,https://www.justice.gov/epstein/files/DataSet%208/EFTA00016341.pdf,https://www.justice.gov/epstein/files/DataSet%208/EFTA00016341,False,,,,,,gated_or_rate_limited (html streak)
EFTA00018595,https://www.justice.gov/epstein/files/DataSet%208/EFTA00018595.pdf,https://www.justice.gov/epstein/files/DataSet%208/EFTA00018595,False,,,,,,gated_or_rate_limited (html streak)
EFTA00019180,https://www.justice.gov/epstein/files/DataSet%208/EFTA00019180.pdf,https://www.justice.gov/epstein/files/DataSet%208/EFTA00019180,False,,,,,,gated_or_rate_limited (html streak)
EFTA00019181,https://www.justice.gov/epstein/files/DataSet%208/EFTA00019181.pdf,https://www.justice.gov/epstein/files/DataSet%208/EFTA00019181,False,,,,,,gated_or_rate_limited (html streak)
EFTA00020242,https://www.justice.gov/epstein/files/DataSet%208/EFTA00020242.pdf,https://www.justice.gov/epstein/files/DataSet%208/EFTA00020242,False,,,,,,gated_or_rate_limited (html streak)
EFTA00021326,https://www.justice.gov/epstein/files/DataSet%208/EFTA00021326.pdf,https://www.justice.gov/epstein/files/DataSet%208/EFTA00021326,True,https://www.justice.gov/epstein/files/DataSet%208/EFTA00021326.m4a,m4a,audio,audio/mp4,206,ok via .m4a
EFTA00023539,https://www.justice.gov/epstein/files/DataSet%208/EFTA00023539.pdf,https://www.justice.gov/epstein/files/DataSet%208/EFTA00023539,False,,,,,,gated_or_rate_limited (html streak)
EFTA00024809,https://www.justice.gov/epstein/files/DataSet%208/EFTA00024809.pdf,https://www.justice.gov/epstein/files/DataSet%208/EFTA00024809,False,,,,,,gated_or_rate_limited (html streak)
EFTA00024813,https://www.justice.gov/epstein/files/DataSet%208/EFTA00024813.pdf,https://www.justice.gov/epstein/files/DataSet%208/EFTA00024813,False,,,,,,gated_or_rate_limited (html streak)
EFTA00028842,https://www.justice.gov/epstein/files/DataSet%208/EFTA00028842.pdf,https://www.justice.gov/epstein/files/DataSet%208/EFTA00028842,True,https://www.justice.gov/epstein/files/DataSet%208/EFTA00028842.mp4,mp4,video_or_audio,video/mp4,206,ok via .mp4
EFTA00028983,https://www.justice.gov/epstein/files/DataSet%208/EFTA00028983.pdf,https://www.justice.gov/epstein/files/DataSet%208/EFTA00028983,True,https://www.justice.gov/epstein/files/DataSet%208/EFTA00028983.mp3,mp3,audio,audio/mpeg,206,ok via .mp3
EFTA00029272,https://www.justice.gov/epstein/files/DataSet%208/EFTA00029272.pdf,https://www.justice.gov/epstein/files/DataSet%208/EFTA00029272,False,,,,,,gated_or_rate_limited (html streak)
EFTA00029480,https://www.justice.gov/epstein/files/DataSet%208/EFTA00029480.pdf,https://www.justice.gov/epstein/files/DataSet%208/EFTA00029480,False,,,,,,gated_or_rate_limited (html streak)
EFTA00029995,https://www.justice.gov/epstein/files/DataSet%208/EFTA00029995.pdf,https://www.justice.gov/epstein/files/DataSet%208/EFTA00029995,True,https://www.justice.gov/epstein/files/DataSet%208/EFTA00029995.mp4,mp4,video_or_audio,video/mp4,206,ok via .mp4
EFTA00029996,https://www.justice.gov/epstein/files/DataSet%208/EFTA00029996.pdf,https://www.justice.gov/epstein/files/DataSet%208/EFTA00029996,True,https://www.justice.gov/epstein/files/DataSet%208/EFTA00029996.mp4,mp4,video_or_audio,video/mp4,206,ok via .mp4
EFTA00029997,https://www.justice.gov/epstein/files/DataSet%208/EFTA00029997.pdf,https://www.justice.gov/epstein/files/DataSet%208/EFTA00029997,True,https://www.justice.gov/epstein/files/DataSet%208/EFTA00029997.mp4,mp4,video_or_audio,video/mp4,206,ok via .mp4
EFTA00029998,https://www.justice.gov/epstein/files/DataSet%208/EFTA00029998.pdf,https://www.justice.gov/epstein/files/DataSet%208/EFTA00029998,True,https://www.justice.gov/epstein/files/DataSet%208/EFTA00029998.mp4,mp4,video_or_audio,video/mp4,206,ok via .mp4
EFTA00032989,https://www.justice.gov/epstein/files/DataSet%208/EFTA00032989.pdf,https://www.justice.gov/epstein/files/DataSet%208/EFTA00032989,True,https://www.justice.gov/epstein/files/DataSet%208/EFTA00032989.mp4,mp4,video_or_audio,video/mp4,206,ok via .mp4
EFTA00033003,https://www.justice.gov/epstein/files/DataSet%208/EFTA00033003.pdf,https://www.justice.gov/epstein/files/DataSet%208/EFTA00033003,True,https://www.justice.gov/epstein/files/DataSet%208/EFTA00033003.mp4,mp4,video_or_audio,video/mp4,206,ok via .mp4
EFTA00033004,https://www.justice.gov/epstein/files/DataSet%208/EFTA00033004.pdf,https://www.justice.gov/epstein/files/DataSet%208/EFTA00033004,True,https://www.justice.gov/epstein/files/DataSet%208/EFTA00033004.mp4,mp4,video_or_audio,video/mp4,206,ok via .mp4
EFTA00033006,https://www.justice.gov/epstein/files/DataSet%208/EFTA00033006.pdf,https://www.justice.gov/epstein/files/DataSet%208/EFTA00033006,True,https://www.justice.gov/epstein/files/DataSet%208/EFTA00033006.mp4,mp4,video_or_audio,video/mp4,206,ok via .mp4
EFTA00033007,https://www.justice.gov/epstein/files/DataSet%208/EFTA00033007.pdf,https://www.justice.gov/epstein/files/DataSet%208/EFTA00033007,True,https://www.justice.gov/epstein/files/DataSet%208/EFTA00033007.mp4,mp4,video_or_audio,video/mp4,206,ok via .mp4
EFTA00033008,https://www.justice.gov/epstein/files/DataSet%208/EFTA00033008.pdf,https://www.justice.gov/epstein/files/DataSet%208/EFTA00033008,True,https://www.justice.gov/epstein/files/DataSet%208/EFTA00033008.mp4,mp4,video_or_audio,video/mp4,206,ok via .mp4
EFTA00033009,https://www.justice.gov/epstein/files/DataSet%208/EFTA00033009.pdf,https://www.justice.gov/epstein/files/DataSet%208/EFTA00033009,True,https://www.justice.gov/epstein/files/DataSet%208/EFTA00033009.mp4,mp4,video_or_audio,video/mp4,206,ok via .mp4
EFTA00033010,https://www.justice.gov/epstein/files/DataSet%208/EFTA00033010.pdf,https://www.justice.gov/epstein/files/DataSet%208/EFTA00033010,True,https://www.justice.gov/epstein/files/DataSet%208/EFTA00033010.mp4,mp4,video_or_audio,video/mp4,206,ok via .mp4
EFTA00033012,https://www.justice.gov/epstein/files/DataSet%208/EFTA00033012.pdf,https://www.justice.gov/epstein/files/DataSet%208/EFTA00033012,True,https://www.justice.gov/epstein/files/DataSet%208/EFTA00033012.mp4,mp4,video_or_audio,video/mp4,206,ok via .mp4
EFTA00033013,https://www.justice.gov/epstein/files/DataSet%208/EFTA00033013.pdf,https://www.justice.gov/epstein/files/DataSet%208/EFTA00033013,True,https://www.justice.gov/epstein/files/DataSet%208/EFTA00033013.mp4,mp4,video_or_audio,video/mp4,206,ok via .mp4
EFTA00033015,https://www.justice.gov/epstein/files/DataSet%208/EFTA00033015.pdf,https://www.justice.gov/epstein/files/DataSet%208/EFTA00033015,True,https://www.justice.gov/epstein/files/DataSet%208/EFTA00033015.mp4,mp4,video_or_audio,video/mp4,206,ok via .mp4
EFTA00033018,https://www.justice.gov/epstein/files/DataSet%208/EFTA00033018.pdf,https://www.justice.gov/epstein/files/DataSet%208/EFTA00033018,True,https://www.justice.gov/epstein/files/DataSet%208/EFTA00033018.mp4,mp4,video_or_audio,video/mp4,206,ok via .mp4
EFTA00033019,https://www.justice.gov/epstein/files/DataSet%208/EFTA00033019.pdf,https://www.justice.gov/epstein/files/DataSet%208/EFTA00033019,True,https://www.justice.gov/epstein/files/DataSet%208/EFTA00033019.mp4,mp4,video_or_audio,video/mp4,206,ok via .mp4
EFTA00033022,https://www.justice.gov/epstein/files/DataSet%208/EFTA00033022.pdf,https://www.justice.gov/epstein/files/DataSet%208/EFTA00033022,True,https://www.justice.gov/epstein/files/DataSet%208/EFTA00033022.mp4,mp4,video_or_audio,video/mp4,206,ok via .mp4
EFTA00033023,https://www.justice.gov/epstein/files/DataSet%208/EFTA00033023.pdf,https://www.justice.gov/epstein/files/DataSet%208/EFTA00033023,True,https://www.justice.gov/epstein/files/DataSet%208/EFTA00033023.mp4,mp4,video_or_audio,video/mp4,206,ok via .mp4
EFTA00033024,https://www.justice.gov/epstein/files/DataSet%208/EFTA00033024.pdf,https://www.justice.gov/epstein/files/DataSet%208/EFTA00033024,True,https://www.justice.gov/epstein/files/DataSet%208/EFTA00033024.mp4,mp4,video_or_audio,video/mp4,206,ok via .mp4
EFTA00033025,https://www.justice.gov/epstein/files/DataSet%208/EFTA00033025.pdf,https://www.justice.gov/epstein/files/DataSet%208/EFTA00033025,True,https://www.justice.gov/epstein/files/DataSet%208/EFTA00033025.mp4,mp4,video_or_audio,video/mp4,206,ok via .mp4
EFTA00033026,https://www.justice.gov/epstein/files/DataSet%208/EFTA00033026.pdf,https://www.justice.gov/epstein/files/DataSet%208/EFTA00033026,True,https://www.justice.gov/epstein/files/DataSet%208/EFTA00033026.mp4,mp4,video_or_audio,video/mp4,206,ok via .mp4
EFTA00033027,https://www.justice.gov/epstein/files/DataSet%208/EFTA00033027.pdf,https://www.justice.gov/epstein/files/DataSet%208/EFTA00033027,True,https://www.justice.gov/epstein/files/DataSet%208/EFTA00033027.mp4,mp4,video_or_audio,video/mp4,206,ok via .mp4
EFTA00033029,https://www.justice.gov/epstein/files/DataSet%208/EFTA00033029.pdf,https://www.justice.gov/epstein/files/DataSet%208/EFTA00033029,True,https://www.justice.gov/epstein/files/DataSet%208/EFTA00033029.mp4,mp4,video_or_audio,video/mp4,206,ok via .mp4
EFTA00033030,https://www.justice.gov/epstein/files/DataSet%208/EFTA00033030.pdf,https://www.justice.gov/epstein/files/DataSet%208/EFTA00033030,True,https://www.justice.gov/epstein/files/DataSet%208/EFTA00033030.mp4,mp4,video_or_audio,video/mp4,206,ok via .mp4
EFTA00033031,https://www.justice.gov/epstein/files/DataSet%208/EFTA00033031.pdf,https://www.justice.gov/epstein/files/DataSet%208/EFTA00033031,True,https://www.justice.gov/epstein/files/DataSet%208/EFTA00033031.mp4,mp4,video_or_audio,video/mp4,206,ok via .mp4
EFTA00033032,https://www.justice.gov/epstein/files/DataSet%208/EFTA00033032.pdf,https://www.justice.gov/epstein/files/DataSet%208/EFTA00033032,True,https://www.justice.gov/epstein/files/DataSet%208/EFTA00033032.mp4,mp4,video_or_audio,video/mp4,206,ok via .mp4
EFTA00033033,https://www.justice.gov/epstein/files/DataSet%208/EFTA00033033.pdf,https://www.justice.gov/epstein/files/DataSet%208/EFTA00033033,True,https://www.justice.gov/epstein/files/DataSet%208/EFTA00033033.mp4,mp4,video_or_audio,video/mp4,206,ok via .mp4
EFTA00033034,https://www.justice.gov/epstein/files/DataSet%208/EFTA00033034.pdf,https://www.justice.gov/epstein/files/DataSet%208/EFTA00033034,True,https://www.justice.gov/epstein/files/DataSet%208/EFTA00033034.mp4,mp4,video_or_audio,video/mp4,206,ok via .mp4
EFTA00033035,https://www.justice.gov/epstein/files/DataSet%208/EFTA00033035.pdf,https://www.justice.gov/epstein/files/DataSet%208/EFTA00033035,True,https://www.justice.gov/epstein/files/DataSet%208/EFTA00033035.mp4,mp4,video_or_audio,video/mp4,206,ok via .mp4
EFTA00033036,https://www.justice.gov/epstein/files/DataSet%208/EFTA00033036.pdf,https://www.justice.gov/epstein/files/DataSet%208/EFTA00033036,True,https://www.justice.gov/epstein/files/DataSet%208/EFTA00033036.mp4,mp4,video_or_audio,video/mp4,206,ok via .mp4
EFTA00033037,https://www.justice.gov/epstein/files/DataSet%208/EFTA00033037.pdf,https://www.justice.gov/epstein/files/DataSet%208/EFTA00033037,True,https://www.justice.gov/epstein/files/DataSet%208/EFTA00033037.mp4,mp4,video_or_audio,video/mp4,206,ok via .mp4
EFTA00033038,https://www.justice.gov/epstein/files/DataSet%208/EFTA00033038.pdf,https://www.justice.gov/epstein/files/DataSet%208/EFTA00033038,True,https://www.justice.gov/epstein/files/DataSet%208/EFTA00033038.mp4,mp4,video_or_audio,video/mp4,206,ok via .mp4
EFTA00033039,https://www.justice.gov/epstein/files/DataSet%208/EFTA00033039.pdf,https://www.justice.gov/epstein/files/DataSet%208/EFTA00033039,True,https://www.justice.gov/epstein/files/DataSet%208/EFTA00033039.mp4,mp4,video_or_audio,video/mp4,206,ok via .mp4
EFTA00033041,https://www.justice.gov/epstein/files/DataSet%208/EFTA00033041.pdf,https://www.justice.gov/epstein/files/DataSet%208/EFTA00033041,True,https://www.justice.gov/epstein/files/DataSet%208/EFTA00033041.mp4,mp4,video_or_audio,video/mp4,206,ok via .mp4
EFTA00033043,https://www.justice.gov/epstein/files/DataSet%208/EFTA00033043.pdf,https://www.justice.gov/epstein/files/DataSet%208/EFTA00033043,True,https://www.justice.gov/epstein/files/DataSet%208/EFTA00033043.mp4,mp4,video_or_audio,video/mp4,206,ok via .mp4
EFTA00033044,https://www.justice.gov/epstein/files/DataSet%208/EFTA00033044.pdf,https://www.justice.gov/epstein/files/DataSet%208/EFTA00033044,True,https://www.justice.gov/epstein/files/DataSet%208/EFTA00033044.mp4,mp4,video_or_audio,video/mp4,206,ok via .mp4
EFTA00033046,https://www.justice.gov/epstein/files/DataSet%208/EFTA00033046.pdf,https://www.justice.gov/epstein/files/DataSet%208/EFTA00033046,True,https://www.justice.gov/epstein/files/DataSet%208/EFTA00033046.mp4,mp4,video_or_audio,video/mp4,206,ok via .mp4
EFTA00033047,https://www.justice.gov/epstein/files/DataSet%208/EFTA00033047.pdf,https://www.justice.gov/epstein/files/DataSet%208/EFTA00033047,True,https://www.justice.gov/epstein/files/DataSet%208/EFTA00033047.mp4,mp4,video_or_audio,video/mp4,206,ok via .mp4
EFTA00033048,https://www.justice.gov/epstein/files/DataSet%208/EFTA00033048.pdf,https://www.justice.gov/epstein/files/DataSet%208/EFTA00033048,True,https://www.justice.gov/epstein/files/DataSet%208/EFTA00033048.mp4,mp4,video_or_audio,video/mp4,206,ok via .mp4
EFTA00033049,https://www.justice.gov/epstein/files/DataSet%208/EFTA00033049.pdf,https://www.justice.gov/epstein/files/DataSet%208/EFTA00033049,True,https://www.justice.gov/epstein/files/DataSet%208/EFTA00033049.mp4,mp4,video_or_audio,video/mp4,206,ok via .mp4
EFTA00033052,https://www.justice.gov/epstein/files/DataSet%208/EFTA00033052.pdf,https://www.justice.gov/epstein/files/DataSet%208/EFTA00033052,True,https://www.justice.gov/epstein/files/DataSet%208/EFTA00033052.mp4,mp4,video_or_audio,video/mp4,206,ok via .mp4
EFTA00033053,https://www.justice.gov/epstein/files/DataSet%208/EFTA00033053.pdf,https://www.justice.gov/epstein/files/DataSet%208/EFTA00033053,True,https://www.justice.gov/epstein/files/DataSet%208/EFTA00033053.mp4,mp4,video_or_audio,video/mp4,206,ok via .mp4
EFTA00033054,https://www.justice.gov/epstein/files/DataSet%208/EFTA00033054.pdf,https://www.justice.gov/epstein/files/DataSet%208/EFTA00033054,True,https://www.justice.gov/epstein/files/DataSet%208/EFTA00033054.mp4,mp4,video_or_audio,video/mp4,206,ok via .mp4
EFTA00033055,https://www.justice.gov/epstein/files/DataSet%208/EFTA00033055.pdf,https://www.justice.gov/epstein/files/DataSet%208/EFTA00033055,True,https://www.justice.gov/epstein/files/DataSet%208/EFTA00033055.mp4,mp4,video_or_audio,video/mp4,206,ok via .mp4
EFTA00033057,https://www.justice.gov/epstein/files/DataSet%208/EFTA00033057.pdf,https://www.justice.gov/epstein/files/DataSet%208/EFTA00033057,True,https://www.justice.gov/epstein/files/DataSet%208/EFTA00033057.mp4,mp4,video_or_audio,video/mp4,206,ok via .mp4
EFTA00033059,https://www.justice.gov/epstein/files/DataSet%208/EFTA00033059.pdf,https://www.justice.gov/epstein/files/DataSet%208/EFTA00033059,True,https://www.justice.gov/epstein/files/DataSet%208/EFTA00033059.mp4,mp4,video_or_audio,video/mp4,206,ok via .mp4
EFTA00033060,https://www.justice.gov/epstein/files/DataSet%208/EFTA00033060.pdf,https://www.justice.gov/epstein/files/DataSet%208/EFTA00033060,True,https://www.justice.gov/epstein/files/DataSet%208/EFTA00033060.mp4,mp4,video_or_audio,video/mp4,206,ok via .mp4
EFTA00033061,https://www.justice.gov/epstein/files/DataSet%208/EFTA00033061.pdf,https://www.justice.gov/epstein/files/DataSet%208/EFTA00033061,True,https://www.justice.gov/epstein/files/DataSet%208/EFTA00033061.mp4,mp4,video_or_audio,video/mp4,206,ok via .mp4
EFTA00033063,https://www.justice.gov/epstein/files/DataSet%208/EFTA00033063.pdf,https://www.justice.gov/epstein/files/DataSet%208/EFTA00033063,True,https://www.justice.gov/epstein/files/DataSet%208/EFTA00033063.mp4,mp4,video_or_audio,video/mp4,206,ok via .mp4
EFTA00033064,https://www.justice.gov/epstein/files/DataSet%208/EFTA00033064.pdf,https://www.justice.gov/epstein/files/DataSet%208/EFTA00033064,True,https://www.justice.gov/epstein/files/DataSet%208/EFTA00033064.mp4,mp4,video_or_audio,video/mp4,206,ok via .mp4
EFTA00033066,https://www.justice.gov/epstein/files/DataSet%208/EFTA00033066.pdf,https://www.justice.gov/epstein/files/DataSet%208/EFTA00033066,True,https://www.justice.gov/epstein/files/DataSet%208/EFTA00033066.mp4,mp4,video_or_audio,video/mp4,206,ok via .mp4
EFTA00033067,https://www.justice.gov/epstein/files/DataSet%208/EFTA00033067.pdf,https://www.justice.gov/epstein/files/DataSet%208/EFTA00033067,True,https://www.justice.gov/epstein/files/DataSet%208/EFTA00033067.mp4,mp4,video_or_audio,video/mp4,206,ok via .mp4
EFTA00033070,https://www.justice.gov/epstein/files/DataSet%208/EFTA00033070.pdf,https://www.justice.gov/epstein/files/DataSet%208/EFTA00033070,True,https://www.justice.gov/epstein/files/DataSet%208/EFTA00033070.mp4,mp4,video_or_audio,video/mp4,206,ok via .mp4
EFTA00033071,https://www.justice.gov/epstein/files/DataSet%208/EFTA00033071.pdf,https://www.justice.gov/epstein/files/DataSet%208/EFTA00033071,True,https://www.justice.gov/epstein/files/DataSet%208/EFTA00033071.mp4,mp4,video_or_audio,video/mp4,206,ok via .mp4
EFTA00033074,https://www.justice.gov/epstein/files/DataSet%208/EFTA00033074.pdf,https://www.justice.gov/epstein/files/DataSet%208/EFTA00033074,True,https://www.justice.gov/epstein/files/DataSet%208/EFTA00033074.mp4,mp4,video_or_audio,video/mp4,206,ok via .mp4
EFTA00033076,https://www.justice.gov/epstein/files/DataSet%208/EFTA00033076.pdf,https://www.justice.gov/epstein/files/DataSet%208/EFTA00033076,True,https://www.justice.gov/epstein/files/DataSet%208/EFTA00033076.mp4,mp4,video_or_audio,video/mp4,206,ok via .mp4
EFTA00033077,https://www.justice.gov/epstein/files/DataSet%208/EFTA00033077.pdf,https://www.justice.gov/epstein/files/DataSet%208/EFTA00033077,True,https://www.justice.gov/epstein/files/DataSet%208/EFTA00033077.mp4,mp4,video_or_audio,video/mp4,206,ok via .mp4
EFTA00033078,https://www.justice.gov/epstein/files/DataSet%208/EFTA00033078.pdf,https://www.justice.gov/epstein/files/DataSet%208/EFTA00033078,True,https://www.justice.gov/epstein/files/DataSet%208/EFTA00033078.mp4,mp4,video_or_audio,video/mp4,206,ok via .mp4
EFTA00033080,https://www.justice.gov/epstein/files/DataSet%208/EFTA00033080.pdf,https://www.justice.gov/epstein/files/DataSet%208/EFTA00033080,True,https://www.justice.gov/epstein/files/DataSet%208/EFTA00033080.mp4,mp4,video_or_audio,video/mp4,206,ok via .mp4
EFTA00033082,https://www.justice.gov/epstein/files/DataSet%208/EFTA00033082.pdf,https://www.justice.gov/epstein/files/DataSet%208/EFTA00033082,True,https://www.justice.gov/epstein/files/DataSet%208/EFTA00033082.mp4,mp4,video_or_audio,video/mp4,206,ok via .mp4
EFTA00033083,https://www.justice.gov/epstein/files/DataSet%208/EFTA00033083.pdf,https://www.justice.gov/epstein/files/DataSet%208/EFTA00033083,True,https://www.justice.gov/epstein/files/DataSet%208/EFTA00033083.mp4,mp4,video_or_audio,video/mp4,206,ok via .mp4
EFTA00033087,https://www.justice.gov/epstein/files/DataSet%208/EFTA00033087.pdf,https://www.justice.gov/epstein/files/DataSet%208/EFTA00033087,True,https://www.justice.gov/epstein/files/DataSet%208/EFTA00033087.mp4,mp4,video_or_audio,video/mp4,206,ok via .mp4
EFTA00033089,https://www.justice.gov/epstein/files/DataSet%208/EFTA00033089.pdf,https://www.justice.gov/epstein/files/DataSet%208/EFTA00033089,True,https://www.justice.gov/epstein/files/DataSet%208/EFTA00033089.mp4,mp4,video_or_audio,video/mp4,206,ok via .mp4
EFTA00033091,https://www.justice.gov/epstein/files/DataSet%208/EFTA00033091.pdf,https://www.justice.gov/epstein/files/DataSet%208/EFTA00033091,True,https://www.justice.gov/epstein/files/DataSet%208/EFTA00033091.mp4,mp4,video_or_audio,video/mp4,206,ok via .mp4
EFTA00033094,https://www.justice.gov/epstein/files/DataSet%208/EFTA00033094.pdf,https://www.justice.gov/epstein/files/DataSet%208/EFTA00033094,True,https://www.justice.gov/epstein/files/DataSet%208/EFTA00033094.mp4,mp4,video_or_audio,video/mp4,206,ok via .mp4
EFTA00033095,https://www.justice.gov/epstein/files/DataSet%208/EFTA00033095.pdf,https://www.justice.gov/epstein/files/DataSet%208/EFTA00033095,True,https://www.justice.gov/epstein/files/DataSet%208/EFTA00033095.mp4,mp4,video_or_audio,video/mp4,206,ok via .mp4
EFTA00033096,https://www.justice.gov/epstein/files/DataSet%208/EFTA00033096.pdf,https://www.justice.gov/epstein/files/DataSet%208/EFTA00033096,True,https://www.justice.gov/epstein/files/DataSet%208/EFTA00033096.mp4,mp4,video_or_audio,video/mp4,206,ok via .mp4
EFTA00033097,https://www.justice.gov/epstein/files/DataSet%208/EFTA00033097.pdf,https://www.justice.gov/epstein/files/DataSet%208/EFTA00033097,True,https://www.justice.gov/epstein/files/DataSet%208/EFTA00033097.mp4,mp4,video_or_audio,video/mp4,206,ok via .mp4
EFTA00033098,https://www.justice.gov/epstein/files/DataSet%208/EFTA00033098.pdf,https://www.justice.gov/epstein/files/DataSet%208/EFTA00033098,True,https://www.justice.gov/epstein/files/DataSet%208/EFTA00033098.mp4,mp4,video_or_audio,video/mp4,206,ok via .mp4
EFTA00033099,https://www.justice.gov/epstein/files/DataSet%208/EFTA00033099.pdf,https://www.justice.gov/epstein/files/DataSet%208/EFTA00033099,True,https://www.justice.gov/epstein/files/DataSet%208/EFTA00033099.mp4,mp4,video_or_audio,video/mp4,206,ok via .mp4
EFTA00033100,https://www.justice.gov/epstein/files/DataSet%208/EFTA00033100.pdf,https://www.justice.gov/epstein/files/DataSet%208/EFTA00033100,True,https://www.justice.gov/epstein/files/DataSet%208/EFTA00033100.mp4,mp4,video_or_audio,video/mp4,206,ok via .mp4
EFTA00033103,https://www.justice.gov/epstein/files/DataSet%208/EFTA00033103.pdf,https://www.justice.gov/epstein/files/DataSet%208/EFTA00033103,True,https://www.justice.gov/epstein/files/DataSet%208/EFTA00033103.mp4,mp4,video_or_audio,video/mp4,206,ok via .mp4
EFTA00033104,https://www.justice.gov/epstein/files/DataSet%208/EFTA00033104.pdf,https://www.justice.gov/epstein/files/DataSet%208/EFTA00033104,True,https://www.justice.gov/epstein/files/DataSet%208/EFTA00033104.mp4,mp4,video_or_audio,video/mp4,206,ok via .mp4
EFTA00033105,https://www.justice.gov/epstein/files/DataSet%208/EFTA00033105.pdf,https://www.justice.gov/epstein/files/DataSet%208/EFTA00033105,True,https://www.justice.gov/epstein/files/DataSet%208/EFTA00033105.mp4,mp4,video_or_audio,video/mp4,206,ok via .mp4
EFTA00033108,https://www.justice.gov/epstein/files/DataSet%208/EFTA00033108.pdf,https://www.justice.gov/epstein/files/DataSet%208/EFTA00033108,True,https://www.justice.gov/epstein/files/DataSet%208/EFTA00033108.mp4,mp4,video_or_audio,video/mp4,206,ok via .mp4
EFTA00033109,https://www.justice.gov/epstein/files/DataSet%208/EFTA00033109.pdf,https://www.justice.gov/epstein/files/DataSet%208/EFTA00033109,True,https://www.justice.gov/epstein/files/DataSet%208/EFTA00033109.mp4,mp4,video_or_audio,video/mp4,206,ok via .mp4
EFTA00033113,https://www.justice.gov/epstein/files/DataSet%208/EFTA00033113.pdf,https://www.justice.gov/epstein/files/DataSet%208/EFTA00033113,True,https://www.justice.gov/epstein/files/DataSet%208/EFTA00033113.mp4,mp4,video_or_audio,video/mp4,206,ok via .mp4
EFTA00033114,https://www.justice.gov/epstein/files/DataSet%208/EFTA00033114.pdf,https://www.justice.gov/epstein/files/DataSet%208/EFTA00033114,True,https://www.justice.gov/epstein/files/DataSet%208/EFTA00033114.mp4,mp4,video_or_audio,video/mp4,206,ok via .mp4
EFTA00033115,https://www.justice.gov/epstein/files/DataSet%208/EFTA00033115.pdf,https://www.justice.gov/epstein/files/DataSet%208/EFTA00033115,True,https://www.justice.gov/epstein/files/DataSet%208/EFTA00033115.mp4,mp4,video_or_audio,video/mp4,206,ok via .mp4
EFTA00033116,https://www.justice.gov/epstein/files/DataSet%208/EFTA00033116.pdf,https://www.justice.gov/epstein/files/DataSet%208/EFTA00033116,True,https://www.justice.gov/epstein/files/DataSet%208/EFTA00033116.mp4,mp4,video_or_audio,video/mp4,206,ok via .mp4
EFTA00033117,https://www.justice.gov/epstein/files/DataSet%208/EFTA00033117.pdf,https://www.justice.gov/epstein/files/DataSet%208/EFTA00033117,True,https://www.justice.gov/epstein/files/DataSet%208/EFTA00033117.mp4,mp4,video_or_audio,video/mp4,206,ok via .mp4
EFTA00033118,https://www.justice.gov/epstein/files/DataSet%208/EFTA00033118.pdf,https://www.justice.gov/epstein/files/DataSet%208/EFTA00033118,True,https://www.justice.gov/epstein/files/DataSet%208/EFTA00033118.mp4,mp4,video_or_audio,video/mp4,206,ok via .mp4
EFTA00033120,https://www.justice.gov/epstein/files/DataSet%208/EFTA00033120.pdf,https://www.justice.gov/epstein/files/DataSet%208/EFTA00033120,True,https://www.justice.gov/epstein/files/DataSet%208/EFTA00033120.mp4,mp4,video_or_audio,video/mp4,206,ok via .mp4
EFTA00033121,https://www.justice.gov/epstein/files/DataSet%208/EFTA00033121.pdf,https://www.justice.gov/epstein/files/DataSet%208/EFTA00033121,True,https://www.justice.gov/epstein/files/DataSet%208/EFTA00033121.mp4,mp4,video_or_audio,video/mp4,206,ok via .mp4
EFTA00033122,https://www.justice.gov/epstein/files/DataSet%208/EFTA00033122.pdf,https://www.justice.gov/epstein/files/DataSet%208/EFTA00033122,True,https://www.justice.gov/epstein/files/DataSet%208/EFTA00033122.mp4,mp4,video_or_audio,video/mp4,206,ok via .mp4
EFTA00033124,https://www.justice.gov/epstein/files/DataSet%208/EFTA00033124.pdf,https://www.justice.gov/epstein/files/DataSet%208/EFTA00033124,True,https://www.justice.gov/epstein/files/DataSet%208/EFTA00033124.mp4,mp4,video_or_audio,video/mp4,206,ok via .mp4
EFTA00033125,https://www.justice.gov/epstein/files/DataSet%208/EFTA00033125.pdf,https://www.justice.gov/epstein/files/DataSet%208/EFTA00033125,True,https://www.justice.gov/epstein/files/DataSet%208/EFTA00033125.mp4,mp4,video_or_audio,video/mp4,206,ok via .mp4
EFTA00033126,https://www.justice.gov/epstein/files/DataSet%208/EFTA00033126.pdf,https://www.justice.gov/epstein/files/DataSet%208/EFTA00033126,True,https://www.justice.gov/epstein/files/DataSet%208/EFTA00033126.mp4,mp4,video_or_audio,video/mp4,206,ok via .mp4
EFTA00033128,https://www.justice.gov/epstein/files/DataSet%208/EFTA00033128.pdf,https://www.justice.gov/epstein/files/DataSet%208/EFTA00033128,True,https://www.justice.gov/epstein/files/DataSet%208/EFTA00033128.mp4,mp4,video_or_audio,video/mp4,206,ok via .mp4
EFTA00033129,https://www.justice.gov/epstein/files/DataSet%208/EFTA00033129.pdf,https://www.justice.gov/epstein/files/DataSet%208/EFTA00033129,True,https://www.justice.gov/epstein/files/DataSet%208/EFTA00033129.mp4,mp4,video_or_audio,video/mp4,206,ok via .mp4
EFTA00033130,https://www.justice.gov/epstein/files/DataSet%208/EFTA00033130.pdf,https://www.justice.gov/epstein/files/DataSet%208/EFTA00033130,True,https://www.justice.gov/epstein/files/DataSet%208/EFTA00033130.mp4,mp4,video_or_audio,video/mp4,206,ok via .mp4
EFTA00033132,https://www.justice.gov/epstein/files/DataSet%208/EFTA00033132.pdf,https://www.justice.gov/epstein/files/DataSet%208/EFTA00033132,True,https://www.justice.gov/epstein/files/DataSet%208/EFTA00033132.mp4,mp4,video_or_audio,video/mp4,206,ok via .mp4
EFTA00033133,https://www.justice.gov/epstein/files/DataSet%208/EFTA00033133.pdf,https://www.justice.gov/epstein/files/DataSet%208/EFTA00033133,True,https://www.justice.gov/epstein/files/DataSet%208/EFTA00033133.mp4,mp4,video_or_audio,video/mp4,206,ok via .mp4
EFTA00033134,https://www.justice.gov/epstein/files/DataSet%208/EFTA00033134.pdf,https://www.justice.gov/epstein/files/DataSet%208/EFTA00033134,True,https://www.justice.gov/epstein/files/DataSet%208/EFTA00033134.mp4,mp4,video_or_audio,video/mp4,206,ok via .mp4
EFTA00033135,https://www.justice.gov/epstein/files/DataSet%208/EFTA00033135.pdf,https://www.justice.gov/epstein/files/DataSet%208/EFTA00033135,True,https://www.justice.gov/epstein/files/DataSet%208/EFTA00033135.mp4,mp4,video_or_audio,video/mp4,206,ok via .mp4
EFTA00033137,https://www.justice.gov/epstein/files/DataSet%208/EFTA00033137.pdf,https://www.justice.gov/epstein/files/DataSet%208/EFTA00033137,True,https://www.justice.gov/epstein/files/DataSet%208/EFTA00033137.mp4,mp4,video_or_audio,video/mp4,206,ok via .mp4
EFTA00033139,https://www.justice.gov/epstein/files/DataSet%208/EFTA00033139.pdf,https://www.justice.gov/epstein/files/DataSet%208/EFTA00033139,True,https://www.justice.gov/epstein/files/DataSet%208/EFTA00033139.mp4,mp4,video_or_audio,video/mp4,206,ok via .mp4
EFTA00033140,https://www.justice.gov/epstein/files/DataSet%208/EFTA00033140.pdf,https://www.justice.gov/epstein/files/DataSet%208/EFTA00033140,True,https://www.justice.gov/epstein/files/DataSet%208/EFTA00033140.mp4,mp4,video_or_audio,video/mp4,206,ok via .mp4
EFTA00033141,https://www.justice.gov/epstein/files/DataSet%208/EFTA00033141.pdf,https://www.justice.gov/epstein/files/DataSet%208/EFTA00033141,True,https://www.justice.gov/epstein/files/DataSet%208/EFTA00033141.mp4,mp4,video_or_audio,video/mp4,206,ok via .mp4
EFTA00033142,https://www.justice.gov/epstein/files/DataSet%208/EFTA00033142.pdf,https://www.justice.gov/epstein/files/DataSet%208/EFTA00033142,True,https://www.justice.gov/epstein/files/DataSet%208/EFTA00033142.mp4,mp4,video_or_audio,video/mp4,206,ok via .mp4
EFTA00033143,https://www.justice.gov/epstein/files/DataSet%208/EFTA00033143.pdf,https://www.justice.gov/epstein/files/DataSet%208/EFTA00033143,True,https://www.justice.gov/epstein/files/DataSet%208/EFTA00033143.mp4,mp4,video_or_audio,video/mp4,206,ok via .mp4
EFTA00033144,https://www.justice.gov/epstein/files/DataSet%208/EFTA00033144.pdf,https://www.justice.gov/epstein/files/DataSet%208/EFTA00033144,True,https://www.justice.gov/epstein/files/DataSet%208/EFTA00033144.mp4,mp4,video_or_audio,video/mp4,206,ok via .mp4
EFTA00033145,https://www.justice.gov/epstein/files/DataSet%208/EFTA00033145.pdf,https://www.justice.gov/epstein/files/DataSet%208/EFTA00033145,True,https://www.justice.gov/epstein/files/DataSet%208/EFTA00033145.mp4,mp4,video_or_audio,video/mp4,206,ok via .mp4
EFTA00033150,https://www.justice.gov/epstein/files/DataSet%208/EFTA00033150.pdf,https://www.justice.gov/epstein/files/DataSet%208/EFTA00033150,True,https://www.justice.gov/epstein/files/DataSet%208/EFTA00033150.mp4,mp4,video_or_audio,video/mp4,206,ok via .mp4
EFTA00033152,https://www.justice.gov/epstein/files/DataSet%208/EFTA00033152.pdf,https://www.justice.gov/epstein/files/DataSet%208/EFTA00033152,True,https://www.justice.gov/epstein/files/DataSet%208/EFTA00033152.mp4,mp4,video_or_audio,video/mp4,206,ok via .mp4
EFTA00033153,https://www.justice.gov/epstein/files/DataSet%208/EFTA00033153.pdf,https://www.justice.gov/epstein/files/DataSet%208/EFTA00033153,True,https://www.justice.gov/epstein/files/DataSet%208/EFTA00033153.mp4,mp4,video_or_audio,video/mp4,206,ok via .mp4
EFTA00033154,https://www.justice.gov/epstein/files/DataSet%208/EFTA00033154.pdf,https://www.justice.gov/epstein/files/DataSet%208/EFTA00033154,True,https://www.justice.gov/epstein/files/DataSet%208/EFTA00033154.mp4,mp4,video_or_audio,video/mp4,206,ok via .mp4
EFTA00033155,https://www.justice.gov/epstein/files/DataSet%208/EFTA00033155.pdf,https://www.justice.gov/epstein/files/DataSet%208/EFTA00033155,True,https://www.justice.gov/epstein/files/DataSet%208/EFTA00033155.mp4,mp4,video_or_audio,video/mp4,206,ok via .mp4
EFTA00033157,https://www.justice.gov/epstein/files/DataSet%208/EFTA00033157.pdf,https://www.justice.gov/epstein/files/DataSet%208/EFTA00033157,True,https://www.justice.gov/epstein/files/DataSet%208/EFTA00033157.mp4,mp4,video_or_audio,video/mp4,206,ok via .mp4
EFTA00033160,https://www.justice.gov/epstein/files/DataSet%208/EFTA00033160.pdf,https://www.justice.gov/epstein/files/DataSet%208/EFTA00033160,True,https://www.justice.gov/epstein/files/DataSet%208/EFTA00033160.mp4,mp4,video_or_audio,video/mp4,206,ok via .mp4
EFTA00033161,https://www.justice.gov/epstein/files/DataSet%208/EFTA00033161.pdf,https://www.justice.gov/epstein/files/DataSet%208/EFTA00033161,True,https://www.justice.gov/epstein/files/DataSet%208/EFTA00033161.mp4,mp4,video_or_audio,video/mp4,206,ok via .mp4
EFTA00033162,https://www.justice.gov/epstein/files/DataSet%208/EFTA00033162.pdf,https://www.justice.gov/epstein/files/DataSet%208/EFTA00033162,True,https://www.justice.gov/epstein/files/DataSet%208/EFTA00033162.mp4,mp4,video_or_audio,video/mp4,206,ok via .mp4
EFTA00033163,https://www.justice.gov/epstein/files/DataSet%208/EFTA00033163.pdf,https://www.justice.gov/epstein/files/DataSet%208/EFTA00033163,True,https://www.justice.gov/epstein/files/DataSet%208/EFTA00033163.mp4,mp4,video_or_audio,video/mp4,206,ok via .mp4
EFTA00033165,https://www.justice.gov/epstein/files/DataSet%208/EFTA00033165.pdf,https://www.justice.gov/epstein/files/DataSet%208/EFTA00033165,True,https://www.justice.gov/epstein/files/DataSet%208/EFTA00033165.mp4,mp4,video_or_audio,video/mp4,206,ok via .mp4
EFTA00033166,https://www.justice.gov/epstein/files/DataSet%208/EFTA00033166.pdf,https://www.justice.gov/epstein/files/DataSet%208/EFTA00033166,True,https://www.justice.gov/epstein/files/DataSet%208/EFTA00033166.mp4,mp4,video_or_audio,video/mp4,206,ok via .mp4
EFTA00033167,https://www.justice.gov/epstein/files/DataSet%208/EFTA00033167.pdf,https://www.justice.gov/epstein/files/DataSet%208/EFTA00033167,True,https://www.justice.gov/epstein/files/DataSet%208/EFTA00033167.mp4,mp4,video_or_audio,video/mp4,206,ok via .mp4
EFTA00033168,https://www.justice.gov/epstein/files/DataSet%208/EFTA00033168.pdf,https://www.justice.gov/epstein/files/DataSet%208/EFTA00033168,True,https://www.justice.gov/epstein/files/DataSet%208/EFTA00033168.mp4,mp4,video_or_audio,video/mp4,206,ok via .mp4
EFTA00033169,https://www.justice.gov/epstein/files/DataSet%208/EFTA00033169.pdf,https://www.justice.gov/epstein/files/DataSet%208/EFTA00033169,True,https://www.justice.gov/epstein/files/DataSet%208/EFTA00033169.mp4,mp4,video_or_audio,video/mp4,206,ok via .mp4
EFTA00033170,https://www.justice.gov/epstein/files/DataSet%208/EFTA00033170.pdf,https://www.justice.gov/epstein/files/DataSet%208/EFTA00033170,True,https://www.justice.gov/epstein/files/DataSet%208/EFTA00033170.mp4,mp4,video_or_audio,video/mp4,206,ok via .mp4
EFTA00033171,https://www.justice.gov/epstein/files/DataSet%208/EFTA00033171.pdf,https://www.justice.gov/epstein/files/DataSet%208/EFTA00033171,True,https://www.justice.gov/epstein/files/DataSet%208/EFTA00033171.mp4,mp4,video_or_audio,video/mp4,206,ok via .mp4
EFTA00033172,https://www.justice.gov/epstein/files/DataSet%208/EFTA00033172.pdf,https://www.justice.gov/epstein/files/DataSet%208/EFTA00033172,True,https://www.justice.gov/epstein/files/DataSet%208/EFTA00033172.mp4,mp4,video_or_audio,video/mp4,206,ok via .mp4
EFTA00033178,https://www.justice.gov/epstein/files/DataSet%208/EFTA00033178.pdf,https://www.justice.gov/epstein/files/DataSet%208/EFTA00033178,True,https://www.justice.gov/epstein/files/DataSet%208/EFTA00033178.mp4,mp4,video_or_audio,video/mp4,206,ok via .mp4
EFTA00033180,https://www.justice.gov/epstein/files/DataSet%208/EFTA00033180.pdf,https://www.justice.gov/epstein/files/DataSet%208/EFTA00033180,True,https://www.justice.gov/epstein/files/DataSet%208/EFTA00033180.mp4,mp4,video_or_audio,video/mp4,206,ok via .mp4
EFTA00033181,https://www.justice.gov/epstein/files/DataSet%208/EFTA00033181.pdf,https://www.justice.gov/epstein/files/DataSet%208/EFTA00033181,True,https://www.justice.gov/epstein/files/DataSet%208/EFTA00033181.mp4,mp4,video_or_audio,video/mp4,206,ok via .mp4
EFTA00033183,https://www.justice.gov/epstein/files/DataSet%208/EFTA00033183.pdf,https://www.justice.gov/epstein/files/DataSet%208/EFTA00033183,True,https://www.justice.gov/epstein/files/DataSet%208/EFTA00033183.mp4,mp4,video_or_audio,video/mp4,206,ok via .mp4
EFTA00033184,https://www.justice.gov/epstein/files/DataSet%208/EFTA00033184.pdf,https://www.justice.gov/epstein/files/DataSet%208/EFTA00033184,True,https://www.justice.gov/epstein/files/DataSet%208/EFTA00033184.mp4,mp4,video_or_audio,video/mp4,206,ok via .mp4
EFTA00033186,https://www.justice.gov/epstein/files/DataSet%208/EFTA00033186.pdf,https://www.justice.gov/epstein/files/DataSet%208/EFTA00033186,True,https://www.justice.gov/epstein/files/DataSet%208/EFTA00033186.mp4,mp4,video_or_audio,video/mp4,206,ok via .mp4
EFTA00033187,https://www.justice.gov/epstein/files/DataSet%208/EFTA00033187.pdf,https://www.justice.gov/epstein/files/DataSet%208/EFTA00033187,True,https://www.justice.gov/epstein/files/DataSet%208/EFTA00033187.mp4,mp4,video_or_audio,video/mp4,206,ok via .mp4
EFTA00033188,https://www.justice.gov/epstein/files/DataSet%208/EFTA00033188.pdf,https://www.justice.gov/epstein/files/DataSet%208/EFTA00033188,True,https://www.justice.gov/epstein/files/DataSet%208/EFTA00033188.mp4,mp4,video_or_audio,video/mp4,206,ok via .mp4
EFTA00033189,https://www.justice.gov/epstein/files/DataSet%208/EFTA00033189.pdf,https://www.justice.gov/epstein/files/DataSet%208/EFTA00033189,True,https://www.justice.gov/epstein/files/DataSet%208/EFTA00033189.mp4,mp4,video_or_audio,video/mp4,206,ok via .mp4
EFTA00033191,https://www.justice.gov/epstein/files/DataSet%208/EFTA00033191.pdf,https://www.justice.gov/epstein/files/DataSet%208/EFTA00033191,True,https://www.justice.gov/epstein/files/DataSet%208/EFTA00033191.mp4,mp4,video_or_audio,video/mp4,206,ok via .mp4
EFTA00033192,https://www.justice.gov/epstein/files/DataSet%208/EFTA00033192.pdf,https://www.justice.gov/epstein/files/DataSet%208/EFTA00033192,True,https://www.justice.gov/epstein/files/DataSet%208/EFTA00033192.mp4,mp4,video_or_audio,video/mp4,206,ok via .mp4
EFTA00033193,https://www.justice.gov/epstein/files/DataSet%208/EFTA00033193.pdf,https://www.justice.gov/epstein/files/DataSet%208/EFTA00033193,True,https://www.justice.gov/epstein/files/DataSet%208/EFTA00033193.mp4,mp4,video_or_audio,video/mp4,206,ok via .mp4
EFTA00033194,https://www.justice.gov/epstein/files/DataSet%208/EFTA00033194.pdf,https://www.justice.gov/epstein/files/DataSet%208/EFTA00033194,True,https://www.justice.gov/epstein/files/DataSet%208/EFTA00033194.mp4,mp4,video_or_audio,video/mp4,206,ok via .mp4
EFTA00033195,https://www.justice.gov/epstein/files/DataSet%208/EFTA00033195.pdf,https://www.justice.gov/epstein/files/DataSet%208/EFTA00033195,True,https://www.justice.gov/epstein/files/DataSet%208/EFTA00033195.mp4,mp4,video_or_audio,video/mp4,206,ok via .mp4
EFTA00033196,https://www.justice.gov/epstein/files/DataSet%208/EFTA00033196.pdf,https://www.justice.gov/epstein/files/DataSet%208/EFTA00033196,True,https://www.justice.gov/epstein/files/DataSet%208/EFTA00033196.mp4,mp4,video_or_audio,video/mp4,206,ok via .mp4
EFTA00033199,https://www.justice.gov/epstein/files/DataSet%208/EFTA00033199.pdf,https://www.justice.gov/epstein/files/DataSet%208/EFTA00033199,True,https://www.justice.gov/epstein/files/DataSet%208/EFTA00033199.mp4,mp4,video_or_audio,video/mp4,206,ok via .mp4
EFTA00033200,https://www.justice.gov/epstein/files/DataSet%208/EFTA00033200.pdf,https://www.justice.gov/epstein/files/DataSet%208/EFTA00033200,True,https://www.justice.gov/epstein/files/DataSet%208/EFTA00033200.mp4,mp4,video_or_audio,video/mp4,206,ok via .mp4
EFTA00033201,https://www.justice.gov/epstein/files/DataSet%208/EFTA00033201.pdf,https://www.justice.gov/epstein/files/DataSet%208/EFTA00033201,True,https://www.justice.gov/epstein/files/DataSet%208/EFTA00033201.mp4,mp4,video_or_audio,video/mp4,206,ok via .mp4
EFTA00033204,https://www.justice.gov/epstein/files/DataSet%208/EFTA00033204.pdf,https://www.justice.gov/epstein/files/DataSet%208/EFTA00033204,True,https://www.justice.gov/epstein/files/DataSet%208/EFTA00033204.mp4,mp4,video_or_audio,video/mp4,206,ok via .mp4
EFTA00033205,https://www.justice.gov/epstein/files/DataSet%208/EFTA00033205.pdf,https://www.justice.gov/epstein/files/DataSet%208/EFTA00033205,True,https://www.justice.gov/epstein/files/DataSet%208/EFTA00033205.mp4,mp4,video_or_audio,video/mp4,206,ok via .mp4
EFTA00033206,https://www.justice.gov/epstein/files/DataSet%208/EFTA00033206.pdf,https://www.justice.gov/epstein/files/DataSet%208/EFTA00033206,True,https://www.justice.gov/epstein/files/DataSet%208/EFTA00033206.mp4,mp4,video_or_audio,video/mp4,206,ok via .mp4
EFTA00033207,https://www.justice.gov/epstein/files/DataSet%208/EFTA00033207.pdf,https://www.justice.gov/epstein/files/DataSet%208/EFTA00033207,True,https://www.justice.gov/epstein/files/DataSet%208/EFTA00033207.mp4,mp4,video_or_audio,video/mp4,206,ok via .mp4
EFTA00033208,https://www.justice.gov/epstein/files/DataSet%208/EFTA00033208.pdf,https://www.justice.gov/epstein/files/DataSet%208/EFTA00033208,True,https://www.justice.gov/epstein/files/DataSet%208/EFTA00033208.mp4,mp4,video_or_audio,video/mp4,206,ok via .mp4
EFTA00033209,https://www.justice.gov/epstein/files/DataSet%208/EFTA00033209.pdf,https://www.justice.gov/epstein/files/DataSet%208/EFTA00033209,True,https://www.justice.gov/epstein/files/DataSet%208/EFTA00033209.mp4,mp4,video_or_audio,video/mp4,206,ok via .mp4
EFTA00033210,https://www.justice.gov/epstein/files/DataSet%208/EFTA00033210.pdf,https://www.justice.gov/epstein/files/DataSet%208/EFTA00033210,True,https://www.justice.gov/epstein/files/DataSet%208/EFTA00033210.mp4,mp4,video_or_audio,video/mp4,206,ok via .mp4
EFTA00033211,https://www.justice.gov/epstein/files/DataSet%208/EFTA00033211.pdf,https://www.justice.gov/epstein/files/DataSet%208/EFTA00033211,True,https://www.justice.gov/epstein/files/DataSet%208/EFTA00033211.mp4,mp4,video_or_audio,video/mp4,206,ok via .mp4
EFTA00033212,https://www.justice.gov/epstein/files/DataSet%208/EFTA00033212.pdf,https://www.justice.gov/epstein/files/DataSet%208/EFTA00033212,True,https://www.justice.gov/epstein/files/DataSet%208/EFTA00033212.mp4,mp4,video_or_audio,video/mp4,206,ok via .mp4
EFTA00033213,https://www.justice.gov/epstein/files/DataSet%208/EFTA00033213.pdf,https://www.justice.gov/epstein/files/DataSet%208/EFTA00033213,True,https://www.justice.gov/epstein/files/DataSet%208/EFTA00033213.mp4,mp4,video_or_audio,video/mp4,206,ok via .mp4
EFTA00033214,https://www.justice.gov/epstein/files/DataSet%208/EFTA00033214.pdf,https://www.justice.gov/epstein/files/DataSet%208/EFTA00033214,True,https://www.justice.gov/epstein/files/DataSet%208/EFTA00033214.mp4,mp4,video_or_audio,video/mp4,206,ok via .mp4
EFTA00033216,https://www.justice.gov/epstein/files/DataSet%208/EFTA00033216.pdf,https://www.justice.gov/epstein/files/DataSet%208/EFTA00033216,True,https://www.justice.gov/epstein/files/DataSet%208/EFTA00033216.mp4,mp4,video_or_audio,video/mp4,206,ok via .mp4
EFTA00033219,https://www.justice.gov/epstein/files/DataSet%208/EFTA00033219.pdf,https://www.justice.gov/epstein/files/DataSet%208/EFTA00033219,True,https://www.justice.gov/epstein/files/DataSet%208/EFTA00033219.mp4,mp4,video_or_audio,video/mp4,206,ok via .mp4
EFTA00033220,https://www.justice.gov/epstein/files/DataSet%208/EFTA00033220.pdf,https://www.justice.gov/epstein/files/DataSet%208/EFTA00033220,True,https://www.justice.gov/epstein/files/DataSet%208/EFTA00033220.mp4,mp4,video_or_audio,video/mp4,206,ok via .mp4
EFTA00033223,https://www.justice.gov/epstein/files/DataSet%208/EFTA00033223.pdf,https://www.justice.gov/epstein/files/DataSet%208/EFTA00033223,True,https://www.justice.gov/epstein/files/DataSet%208/EFTA00033223.mp4,mp4,video_or_audio,video/mp4,206,ok via .mp4
EFTA00033224,https://www.justice.gov/epstein/files/DataSet%208/EFTA00033224.pdf,https://www.justice.gov/epstein/files/DataSet%208/EFTA00033224,True,https://www.justice.gov/epstein/files/DataSet%208/EFTA00033224.mp4,mp4,video_or_audio,video/mp4,206,ok via .mp4
EFTA00033225,https://www.justice.gov/epstein/files/DataSet%208/EFTA00033225.pdf,https://www.justice.gov/epstein/files/DataSet%208/EFTA00033225,True,https://www.justice.gov/epstein/files/DataSet%208/EFTA00033225.mp4,mp4,video_or_audio,video/mp4,206,ok via .mp4
EFTA00033227,https://www.justice.gov/epstein/files/DataSet%208/EFTA00033227.pdf,https://www.justice.gov/epstein/files/DataSet%208/EFTA00033227,True,https://www.justice.gov/epstein/files/DataSet%208/EFTA00033227.mp4,mp4,video_or_audio,video/mp4,206,ok via .mp4
EFTA00033228,https://www.justice.gov/epstein/files/DataSet%208/EFTA00033228.pdf,https://www.justice.gov/epstein/files/DataSet%208/EFTA00033228,True,https://www.justice.gov/epstein/files/DataSet%208/EFTA00033228.mp4,mp4,video_or_audio,video/mp4,206,ok via .mp4
EFTA00033230,https://www.justice.gov/epstein/files/DataSet%208/EFTA00033230.pdf,https://www.justice.gov/epstein/files/DataSet%208/EFTA00033230,True,https://www.justice.gov/epstein/files/DataSet%208/EFTA00033230.mp4,mp4,video_or_audio,video/mp4,206,ok via .mp4
EFTA00033231,https://www.justice.gov/epstein/files/DataSet%208/EFTA00033231.pdf,https://www.justice.gov/epstein/files/DataSet%208/EFTA00033231,True,https://www.justice.gov/epstein/files/DataSet%208/EFTA00033231.mp4,mp4,video_or_audio,video/mp4,206,ok via .mp4
EFTA00033234,https://www.justice.gov/epstein/files/DataSet%208/EFTA00033234.pdf,https://www.justice.gov/epstein/files/DataSet%208/EFTA00033234,True,https://www.justice.gov/epstein/files/DataSet%208/EFTA00033234.mp4,mp4,video_or_audio,video/mp4,206,ok via .mp4
EFTA00033236,https://www.justice.gov/epstein/files/DataSet%208/EFTA00033236.pdf,https://www.justice.gov/epstein/files/DataSet%208/EFTA00033236,True,https://www.justice.gov/epstein/files/DataSet%208/EFTA00033236.mp4,mp4,video_or_audio,video/mp4,206,ok via .mp4
EFTA00033237,https://www.justice.gov/epstein/files/DataSet%208/EFTA00033237.pdf,https://www.justice.gov/epstein/files/DataSet%208/EFTA00033237,True,https://www.justice.gov/epstein/files/DataSet%208/EFTA00033237.mp4,mp4,video_or_audio,video/mp4,206,ok via .mp4
EFTA00033238,https://www.justice.gov/epstein/files/DataSet%208/EFTA00033238.pdf,https://www.justice.gov/epstein/files/DataSet%208/EFTA00033238,True,https://www.justice.gov/epstein/files/DataSet%208/EFTA00033238.mp4,mp4,video_or_audio,video/mp4,206,ok via .mp4
EFTA00033239,https://www.justice.gov/epstein/files/DataSet%208/EFTA00033239.pdf,https://www.justice.gov/epstein/files/DataSet%208/EFTA00033239,True,https://www.justice.gov/epstein/files/DataSet%208/EFTA00033239.mp4,mp4,video_or_audio,video/mp4,206,ok via .mp4
EFTA00033240,https://www.justice.gov/epstein/files/DataSet%208/EFTA00033240.pdf,https://www.justice.gov/epstein/files/DataSet%208/EFTA00033240,True,https://www.justice.gov/epstein/files/DataSet%208/EFTA00033240.mp4,mp4,video_or_audio,video/mp4,206,ok via .mp4
EFTA00033241,https://www.justice.gov/epstein/files/DataSet%208/EFTA00033241.pdf,https://www.justice.gov/epstein/files/DataSet%208/EFTA00033241,True,https://www.justice.gov/epstein/files/DataSet%208/EFTA00033241.mp4,mp4,video_or_audio,video/mp4,206,ok via .mp4
EFTA00033242,https://www.justice.gov/epstein/files/DataSet%208/EFTA00033242.pdf,https://www.justice.gov/epstein/files/DataSet%208/EFTA00033242,True,https://www.justice.gov/epstein/files/DataSet%208/EFTA00033242.mp4,mp4,video_or_audio,video/mp4,206,ok via .mp4
EFTA00033244,https://www.justice.gov/epstein/files/DataSet%208/EFTA00033244.pdf,https://www.justice.gov/epstein/files/DataSet%208/EFTA00033244,True,https://www.justice.gov/epstein/files/DataSet%208/EFTA00033244.mp4,mp4,video_or_audio,video/mp4,206,ok via .mp4
EFTA00033247,https://www.justice.gov/epstein/files/DataSet%208/EFTA00033247.pdf,https://www.justice.gov/epstein/files/DataSet%208/EFTA00033247,True,https://www.justice.gov/epstein/files/DataSet%208/EFTA00033247.mp4,mp4,video_or_audio,video/mp4,206,ok via .mp4
EFTA00033248,https://www.justice.gov/epstein/files/DataSet%208/EFTA00033248.pdf,https://www.justice.gov/epstein/files/DataSet%208/EFTA00033248,True,https://www.justice.gov/epstein/files/DataSet%208/EFTA00033248.mp4,mp4,video_or_audio,video/mp4,206,ok via .mp4
EFTA00033249,https://www.justice.gov/epstein/files/DataSet%208/EFTA00033249.pdf,https://www.justice.gov/epstein/files/DataSet%208/EFTA00033249,True,https://www.justice.gov/epstein/files/DataSet%208/EFTA00033249.mp4,mp4,video_or_audio,video/mp4,206,ok via .mp4
EFTA00033251,https://www.justice.gov/epstein/files/DataSet%208/EFTA00033251.pdf,https://www.justice.gov/epstein/files/DataSet%208/EFTA00033251,True,https://www.justice.gov/epstein/files/DataSet%208/EFTA00033251.mp4,mp4,video_or_audio,video/mp4,206,ok via .mp4
EFTA00033252,https://www.justice.gov/epstein/files/DataSet%208/EFTA00033252.pdf,https://www.justice.gov/epstein/files/DataSet%208/EFTA00033252,True,https://www.justice.gov/epstein/files/DataSet%208/EFTA00033252.mp4,mp4,video_or_audio,video/mp4,206,ok via .mp4
EFTA00033253,https://www.justice.gov/epstein/files/DataSet%208/EFTA00033253.pdf,https://www.justice.gov/epstein/files/DataSet%208/EFTA00033253,True,https://www.justice.gov/epstein/files/DataSet%208/EFTA00033253.mp4,mp4,video_or_audio,video/mp4,206,ok via .mp4
EFTA00033254,https://www.justice.gov/epstein/files/DataSet%208/EFTA00033254.pdf,https://www.justice.gov/epstein/files/DataSet%208/EFTA00033254,True,https://www.justice.gov/epstein/files/DataSet%208/EFTA00033254.mp4,mp4,video_or_audio,video/mp4,206,ok via .mp4
EFTA00033255,https://www.justice.gov/epstein/files/DataSet%208/EFTA00033255.pdf,https://www.justice.gov/epstein/files/DataSet%208/EFTA00033255,True,https://www.justice.gov/epstein/files/DataSet%208/EFTA00033255.mp4,mp4,video_or_audio,video/mp4,206,ok via .mp4
EFTA00033256,https://www.justice.gov/epstein/files/DataSet%208/EFTA00033256.pdf,https://www.justice.gov/epstein/files/DataSet%208/EFTA00033256,True,https://www.justice.gov/epstein/files/DataSet%208/EFTA00033256.mp4,mp4,video_or_audio,video/mp4,206,ok via .mp4
EFTA00033257,https://www.justice.gov/epstein/files/DataSet%208/EFTA00033257.pdf,https://www.justice.gov/epstein/files/DataSet%208/EFTA00033257,True,https://www.justice.gov/epstein/files/DataSet%208/EFTA00033257.mp4,mp4,video_or_audio,video/mp4,206,ok via .mp4
EFTA00033259,https://www.justice.gov/epstein/files/DataSet%208/EFTA00033259.pdf,https://www.justice.gov/epstein/files/DataSet%208/EFTA00033259,True,https://www.justice.gov/epstein/files/DataSet%208/EFTA00033259.mp4,mp4,video_or_audio,video/mp4,206,ok via .mp4
EFTA00033261,https://www.justice.gov/epstein/files/DataSet%208/EFTA00033261.pdf,https://www.justice.gov/epstein/files/DataSet%208/EFTA00033261,True,https://www.justice.gov/epstein/files/DataSet%208/EFTA00033261.mp4,mp4,video_or_audio,video/mp4,206,ok via .mp4
EFTA00033265,https://www.justice.gov/epstein/files/DataSet%208/EFTA00033265.pdf,https://www.justice.gov/epstein/files/DataSet%208/EFTA00033265,True,https://www.justice.gov/epstein/files/DataSet%208/EFTA00033265.mp4,mp4,video_or_audio,video/mp4,206,ok via .mp4
EFTA00033266,https://www.justice.gov/epstein/files/DataSet%208/EFTA00033266.pdf,https://www.justice.gov/epstein/files/DataSet%208/EFTA00033266,True,https://www.justice.gov/epstein/files/DataSet%208/EFTA00033266.mp4,mp4,video_or_audio,video/mp4,206,ok via .mp4
EFTA00033268,https://www.justice.gov/epstein/files/DataSet%208/EFTA00033268.pdf,https://www.justice.gov/epstein/files/DataSet%208/EFTA00033268,True,https://www.justice.gov/epstein/files/DataSet%208/EFTA00033268.mp4,mp4,video_or_audio,video/mp4,206,ok via .mp4
EFTA00033269,https://www.justice.gov/epstein/files/DataSet%208/EFTA00033269.pdf,https://www.justice.gov/epstein/files/DataSet%208/EFTA00033269,True,https://www.justice.gov/epstein/files/DataSet%208/EFTA00033269.mp4,mp4,video_or_audio,video/mp4,206,ok via .mp4
EFTA00033271,https://www.justice.gov/epstein/files/DataSet%208/EFTA00033271.pdf,https://www.justice.gov/epstein/files/DataSet%208/EFTA00033271,True,https://www.justice.gov/epstein/files/DataSet%208/EFTA00033271.mp4,mp4,video_or_audio,video/mp4,206,ok via .mp4
EFTA00033273,https://www.justice.gov/epstein/files/DataSet%208/EFTA00033273.pdf,https://www.justice.gov/epstein/files/DataSet%208/EFTA00033273,True,https://www.justice.gov/epstein/files/DataSet%208/EFTA00033273.mp4,mp4,video_or_audio,video/mp4,206,ok via .mp4
EFTA00033274,https://www.justice.gov/epstein/files/DataSet%208/EFTA00033274.pdf,https://www.justice.gov/epstein/files/DataSet%208/EFTA00033274,True,https://www.justice.gov/epstein/files/DataSet%208/EFTA00033274.mp4,mp4,video_or_audio,video/mp4,206,ok via .mp4
EFTA00033275,https://www.justice.gov/epstein/files/DataSet%208/EFTA00033275.pdf,https://www.justice.gov/epstein/files/DataSet%208/EFTA00033275,True,https://www.justice.gov/epstein/files/DataSet%208/EFTA00033275.mp4,mp4,video_or_audio,video/mp4,206,ok via .mp4
EFTA00033276,https://www.justice.gov/epstein/files/DataSet%208/EFTA00033276.pdf,https://www.justice.gov/epstein/files/DataSet%208/EFTA00033276,True,https://www.justice.gov/epstein/files/DataSet%208/EFTA00033276.mp4,mp4,video_or_audio,video/mp4,206,ok via .mp4
EFTA00033277,https://www.justice.gov/epstein/files/DataSet%208/EFTA00033277.pdf,https://www.justice.gov/epstein/files/DataSet%208/EFTA00033277,True,https://www.justice.gov/epstein/files/DataSet%208/EFTA00033277.mp4,mp4,video_or_audio,video/mp4,206,ok via .mp4
EFTA00033278,https://www.justice.gov/epstein/files/DataSet%208/EFTA00033278.pdf,https://www.justice.gov/epstein/files/DataSet%208/EFTA00033278,True,https://www.justice.gov/epstein/files/DataSet%208/EFTA00033278.mp4,mp4,video_or_audio,video/mp4,206,ok via .mp4
EFTA00033279,https://www.justice.gov/epstein/files/DataSet%208/EFTA00033279.pdf,https://www.justice.gov/epstein/files/DataSet%208/EFTA00033279,True,https://www.justice.gov/epstein/files/DataSet%208/EFTA00033279.mp4,mp4,video_or_audio,video/mp4,206,ok via .mp4
EFTA00033280,https://www.justice.gov/epstein/files/DataSet%208/EFTA00033280.pdf,https://www.justice.gov/epstein/files/DataSet%208/EFTA00033280,True,https://www.justice.gov/epstein/files/DataSet%208/EFTA00033280.mp4,mp4,video_or_audio,video/mp4,206,ok via .mp4
EFTA00033281,https://www.justice.gov/epstein/files/DataSet%208/EFTA00033281.pdf,https://www.justice.gov/epstein/files/DataSet%208/EFTA00033281,True,https://www.justice.gov/epstein/files/DataSet%208/EFTA00033281.mp4,mp4,video_or_audio,video/mp4,206,ok via .mp4
EFTA00033282,https://www.justice.gov/epstein/files/DataSet%208/EFTA00033282.pdf,https://www.justice.gov/epstein/files/DataSet%208/EFTA00033282,True,https://www.justice.gov/epstein/files/DataSet%208/EFTA00033282.mp4,mp4,video_or_audio,video/mp4,206,ok via .mp4
EFTA00033284,https://www.justice.gov/epstein/files/DataSet%208/EFTA00033284.pdf,https://www.justice.gov/epstein/files/DataSet%208/EFTA00033284,True,https://www.justice.gov/epstein/files/DataSet%208/EFTA00033284.mp4,mp4,video_or_audio,video/mp4,206,ok via .mp4
EFTA00033285,https://www.justice.gov/epstein/files/DataSet%208/EFTA00033285.pdf,https://www.justice.gov/epstein/files/DataSet%208/EFTA00033285,True,https://www.justice.gov/epstein/files/DataSet%208/EFTA00033285.mp4,mp4,video_or_audio,video/mp4,206,ok via .mp4
EFTA00033286,https://www.justice.gov/epstein/files/DataSet%208/EFTA00033286.pdf,https://www.justice.gov/epstein/files/DataSet%208/EFTA00033286,True,https://www.justice.gov/epstein/files/DataSet%208/EFTA00033286.mp4,mp4,video_or_audio,video/mp4,206,ok via .mp4
EFTA00033289,https://www.justice.gov/epstein/files/DataSet%208/EFTA00033289.pdf,https://www.justice.gov/epstein/files/DataSet%208/EFTA00033289,True,https://www.justice.gov/epstein/files/DataSet%208/EFTA00033289.mp4,mp4,video_or_audio,video/mp4,206,ok via .mp4
EFTA00033290,https://www.justice.gov/epstein/files/DataSet%208/EFTA00033290.pdf,https://www.justice.gov/epstein/files/DataSet%208/EFTA00033290,True,https://www.justice.gov/epstein/files/DataSet%208/EFTA00033290.mp4,mp4,video_or_audio,video/mp4,206,ok via .mp4
EFTA00033293,https://www.justice.gov/epstein/files/DataSet%208/EFTA00033293.pdf,https://www.justice.gov/epstein/files/DataSet%208/EFTA00033293,True,https://www.justice.gov/epstein/files/DataSet%208/EFTA00033293.mp4,mp4,video_or_audio,video/mp4,206,ok via .mp4
EFTA00033294,https://www.justice.gov/epstein/files/DataSet%208/EFTA00033294.pdf,https://www.justice.gov/epstein/files/DataSet%208/EFTA00033294,True,https://www.justice.gov/epstein/files/DataSet%208/EFTA00033294.mp4,mp4,video_or_audio,video/mp4,206,ok via .mp4
EFTA00033295,https://www.justice.gov/epstein/files/DataSet%208/EFTA00033295.pdf,https://www.justice.gov/epstein/files/DataSet%208/EFTA00033295,True,https://www.justice.gov/epstein/files/DataSet%208/EFTA00033295.mp4,mp4,video_or_audio,video/mp4,206,ok via .mp4
EFTA00033296,https://www.justice.gov/epstein/files/DataSet%208/EFTA00033296.pdf,https://www.justice.gov/epstein/files/DataSet%208/EFTA00033296,True,https://www.justice.gov/epstein/files/DataSet%208/EFTA00033296.mp4,mp4,video_or_audio,video/mp4,206,ok via .mp4
EFTA00033297,https://www.justice.gov/epstein/files/DataSet%208/EFTA00033297.pdf,https://www.justice.gov/epstein/files/DataSet%208/EFTA00033297,True,https://www.justice.gov/epstein/files/DataSet%208/EFTA00033297.mp4,mp4,video_or_audio,video/mp4,206,ok via .mp4
EFTA00033298,https://www.justice.gov/epstein/files/DataSet%208/EFTA00033298.pdf,https://www.justice.gov/epstein/files/DataSet%208/EFTA00033298,True,https://www.justice.gov/epstein/files/DataSet%208/EFTA00033298.mp4,mp4,video_or_audio,video/mp4,206,ok via .mp4
EFTA00033301,https://www.justice.gov/epstein/files/DataSet%208/EFTA00033301.pdf,https://www.justice.gov/epstein/files/DataSet%208/EFTA00033301,True,https://www.justice.gov/epstein/files/DataSet%208/EFTA00033301.mp4,mp4,video_or_audio,video/mp4,206,ok via .mp4
EFTA00033303,https://www.justice.gov/epstein/files/DataSet%208/EFTA00033303.pdf,https://www.justice.gov/epstein/files/DataSet%208/EFTA00033303,True,https://www.justice.gov/epstein/files/DataSet%208/EFTA00033303.mp4,mp4,video_or_audio,video/mp4,206,ok via .mp4
EFTA00033304,https://www.justice.gov/epstein/files/DataSet%208/EFTA00033304.pdf,https://www.justice.gov/epstein/files/DataSet%208/EFTA00033304,True,https://www.justice.gov/epstein/files/DataSet%208/EFTA00033304.mp4,mp4,video_or_audio,video/mp4,206,ok via .mp4
EFTA00033305,https://www.justice.gov/epstein/files/DataSet%208/EFTA00033305.pdf,https://www.justice.gov/epstein/files/DataSet%208/EFTA00033305,True,https://www.justice.gov/epstein/files/DataSet%208/EFTA00033305.mp4,mp4,video_or_audio,video/mp4,206,ok via .mp4
EFTA00033306,https://www.justice.gov/epstein/files/DataSet%208/EFTA00033306.pdf,https://www.justice.gov/epstein/files/DataSet%208/EFTA00033306,True,https://www.justice.gov/epstein/files/DataSet%208/EFTA00033306.mp4,mp4,video_or_audio,video/mp4,206,ok via .mp4
EFTA00033307,https://www.justice.gov/epstein/files/DataSet%208/EFTA00033307.pdf,https://www.justice.gov/epstein/files/DataSet%208/EFTA00033307,True,https://www.justice.gov/epstein/files/DataSet%208/EFTA00033307.mp4,mp4,video_or_audio,video/mp4,206,ok via .mp4
EFTA00033308,https://www.justice.gov/epstein/files/DataSet%208/EFTA00033308.pdf,https://www.justice.gov/epstein/files/DataSet%208/EFTA00033308,True,https://www.justice.gov/epstein/files/DataSet%208/EFTA00033308.mp4,mp4,video_or_audio,video/mp4,206,ok via .mp4
EFTA00033311,https://www.justice.gov/epstein/files/DataSet%208/EFTA00033311.pdf,https://www.justice.gov/epstein/files/DataSet%208/EFTA00033311,True,https://www.justice.gov/epstein/files/DataSet%208/EFTA00033311.mp4,mp4,video_or_audio,video/mp4,206,ok via .mp4
EFTA00033312,https://www.justice.gov/epstein/files/DataSet%208/EFTA00033312.pdf,https://www.justice.gov/epstein/files/DataSet%208/EFTA00033312,True,https://www.justice.gov/epstein/files/DataSet%208/EFTA00033312.mp4,mp4,video_or_audio,video/mp4,206,ok via .mp4
EFTA00033314,https://www.justice.gov/epstein/files/DataSet%208/EFTA00033314.pdf,https://www.justice.gov/epstein/files/DataSet%208/EFTA00033314,True,https://www.justice.gov/epstein/files/DataSet%208/EFTA00033314.mp4,mp4,video_or_audio,video/mp4,206,ok via .mp4
EFTA00033315,https://www.justice.gov/epstein/files/DataSet%208/EFTA00033315.pdf,https://www.justice.gov/epstein/files/DataSet%208/EFTA00033315,True,https://www.justice.gov/epstein/files/DataSet%208/EFTA00033315.mp4,mp4,video_or_audio,video/mp4,206,ok via .mp4
EFTA00033316,https://www.justice.gov/epstein/files/DataSet%208/EFTA00033316.pdf,https://www.justice.gov/epstein/files/DataSet%208/EFTA00033316,True,https://www.justice.gov/epstein/files/DataSet%208/EFTA00033316.mp4,mp4,video_or_audio,video/mp4,206,ok via .mp4
EFTA00033317,https://www.justice.gov/epstein/files/DataSet%208/EFTA00033317.pdf,https://www.justice.gov/epstein/files/DataSet%208/EFTA00033317,True,https://www.justice.gov/epstein/files/DataSet%208/EFTA00033317.mp4,mp4,video_or_audio,video/mp4,206,ok via .mp4
EFTA00033318,https://www.justice.gov/epstein/files/DataSet%208/EFTA00033318.pdf,https://www.justice.gov/epstein/files/DataSet%208/EFTA00033318,True,https://www.justice.gov/epstein/files/DataSet%208/EFTA00033318.mp4,mp4,video_or_audio,video/mp4,206,ok via .mp4
EFTA00033319,https://www.justice.gov/epstein/files/DataSet%208/EFTA00033319.pdf,https://www.justice.gov/epstein/files/DataSet%208/EFTA00033319,True,https://www.justice.gov/epstein/files/DataSet%208/EFTA00033319.mp4,mp4,video_or_audio,video/mp4,206,ok via .mp4
EFTA00033321,https://www.justice.gov/epstein/files/DataSet%208/EFTA00033321.pdf,https://www.justice.gov/epstein/files/DataSet%208/EFTA00033321,True,https://www.justice.gov/epstein/files/DataSet%208/EFTA00033321.mp4,mp4,video_or_audio,video/mp4,206,ok via .mp4
EFTA00033323,https://www.justice.gov/epstein/files/DataSet%208/EFTA00033323.pdf,https://www.justice.gov/epstein/files/DataSet%208/EFTA00033323,True,https://www.justice.gov/epstein/files/DataSet%208/EFTA00033323.mp4,mp4,video_or_audio,video/mp4,206,ok via .mp4
EFTA00033324,https://www.justice.gov/epstein/files/DataSet%208/EFTA00033324.pdf,https://www.justice.gov/epstein/files/DataSet%208/EFTA00033324,True,https://www.justice.gov/epstein/files/DataSet%208/EFTA00033324.mp4,mp4,video_or_audio,video/mp4,206,ok via .mp4
EFTA00033326,https://www.justice.gov/epstein/files/DataSet%208/EFTA00033326.pdf,https://www.justice.gov/epstein/files/DataSet%208/EFTA00033326,True,https://www.justice.gov/epstein/files/DataSet%208/EFTA00033326.mp4,mp4,video_or_audio,video/mp4,206,ok via .mp4
EFTA00033328,https://www.justice.gov/epstein/files/DataSet%208/EFTA00033328.pdf,https://www.justice.gov/epstein/files/DataSet%208/EFTA00033328,True,https://www.justice.gov/epstein/files/DataSet%208/EFTA00033328.mp4,mp4,video_or_audio,video/mp4,206,ok via .mp4
EFTA00033329,https://www.justice.gov/epstein/files/DataSet%208/EFTA00033329.pdf,https://www.justice.gov/epstein/files/DataSet%208/EFTA00033329,True,https://www.justice.gov/epstein/files/DataSet%208/EFTA00033329.mp4,mp4,video_or_audio,video/mp4,206,ok via .mp4
EFTA00033330,https://www.justice.gov/epstein/files/DataSet%208/EFTA00033330.pdf,https://www.justice.gov/epstein/files/DataSet%208/EFTA00033330,True,https://www.justice.gov/epstein/files/DataSet%208/EFTA00033330.mp4,mp4,video_or_audio,video/mp4,206,ok via .mp4
EFTA00033331,https://www.justice.gov/epstein/files/DataSet%208/EFTA00033331.pdf,https://www.justice.gov/epstein/files/DataSet%208/EFTA00033331,True,https://www.justice.gov/epstein/files/DataSet%208/EFTA00033331.mp4,mp4,video_or_audio,video/mp4,206,ok via .mp4
EFTA00033332,https://www.justice.gov/epstein/files/DataSet%208/EFTA00033332.pdf,https://www.justice.gov/epstein/files/DataSet%208/EFTA00033332,True,https://www.justice.gov/epstein/files/DataSet%208/EFTA00033332.mp4,mp4,video_or_audio,video/mp4,206,ok via .mp4
EFTA00033333,https://www.justice.gov/epstein/files/DataSet%208/EFTA00033333.pdf,https://www.justice.gov/epstein/files/DataSet%208/EFTA00033333,True,https://www.justice.gov/epstein/files/DataSet%208/EFTA00033333.mp4,mp4,video_or_audio,video/mp4,206,ok via .mp4
EFTA00033334,https://www.justice.gov/epstein/files/DataSet%208/EFTA00033334.pdf,https://www.justice.gov/epstein/files/DataSet%208/EFTA00033334,True,https://www.justice.gov/epstein/files/DataSet%208/EFTA00033334.mp4,mp4,video_or_audio,video/mp4,206,ok via .mp4
EFTA00033335,https://www.justice.gov/epstein/files/DataSet%208/EFTA00033335.pdf,https://www.justice.gov/epstein/files/DataSet%208/EFTA00033335,True,https://www.justice.gov/epstein/files/DataSet%208/EFTA00033335.mp4,mp4,video_or_audio,video/mp4,206,ok via .mp4
EFTA00033336,https://www.justice.gov/epstein/files/DataSet%208/EFTA00033336.pdf,https://www.justice.gov/epstein/files/DataSet%208/EFTA00033336,True,https://www.justice.gov/epstein/files/DataSet%208/EFTA00033336.mp4,mp4,video_or_audio,video/mp4,206,ok via .mp4
EFTA00033339,https://www.justice.gov/epstein/files/DataSet%208/EFTA00033339.pdf,https://www.justice.gov/epstein/files/DataSet%208/EFTA00033339,True,https://www.justice.gov/epstein/files/DataSet%208/EFTA00033339.mp4,mp4,video_or_audio,video/mp4,206,ok via .mp4
EFTA00033340,https://www.justice.gov/epstein/files/DataSet%208/EFTA00033340.pdf,https://www.justice.gov/epstein/files/DataSet%208/EFTA00033340,True,https://www.justice.gov/epstein/files/DataSet%208/EFTA00033340.mp4,mp4,video_or_audio,video/mp4,206,ok via .mp4
EFTA00033341,https://www.justice.gov/epstein/files/DataSet%208/EFTA00033341.pdf,https://www.justice.gov/epstein/files/DataSet%208/EFTA00033341,True,https://www.justice.gov/epstein/files/DataSet%208/EFTA00033341.mp4,mp4,video_or_audio,video/mp4,206,ok via .mp4
EFTA00033342,https://www.justice.gov/epstein/files/DataSet%208/EFTA00033342.pdf,https://www.justice.gov/epstein/files/DataSet%208/EFTA00033342,True,https://www.justice.gov/epstein/files/DataSet%208/EFTA00033342.mp4,mp4,video_or_audio,video/mp4,206,ok via .mp4
EFTA00033344,https://www.justice.gov/epstein/files/DataSet%208/EFTA00033344.pdf,https://www.justice.gov/epstein/files/DataSet%208/EFTA00033344,True,https://www.justice.gov/epstein/files/DataSet%208/EFTA00033344.mp4,mp4,video_or_audio,video/mp4,206,ok via .mp4
EFTA00033346,https://www.justice.gov/epstein/files/DataSet%208/EFTA00033346.pdf,https://www.justice.gov/epstein/files/DataSet%208/EFTA00033346,True,https://www.justice.gov/epstein/files/DataSet%208/EFTA00033346.mp4,mp4,video_or_audio,video/mp4,206,ok via .mp4
EFTA00033350,https://www.justice.gov/epstein/files/DataSet%208/EFTA00033350.pdf,https://www.justice.gov/epstein/files/DataSet%208/EFTA00033350,True,https://www.justice.gov/epstein/files/DataSet%208/EFTA00033350.mp4,mp4,video_or_audio,video/mp4,206,ok via .mp4
EFTA00033351,https://www.justice.gov/epstein/files/DataSet%208/EFTA00033351.pdf,https://www.justice.gov/epstein/files/DataSet%208/EFTA00033351,True,https://www.justice.gov/epstein/files/DataSet%208/EFTA00033351.mp4,mp4,video_or_audio,video/mp4,206,ok via .mp4
EFTA00033352,https://www.justice.gov/epstein/files/DataSet%208/EFTA00033352.pdf,https://www.justice.gov/epstein/files/DataSet%208/EFTA00033352,True,https://www.justice.gov/epstein/files/DataSet%208/EFTA00033352.mp4,mp4,video_or_audio,video/mp4,206,ok via .mp4
EFTA00033354,https://www.justice.gov/epstein/files/DataSet%208/EFTA00033354.pdf,https://www.justice.gov/epstein/files/DataSet%208/EFTA00033354,True,https://www.justice.gov/epstein/files/DataSet%208/EFTA00033354.mp4,mp4,video_or_audio,video/mp4,206,ok via .mp4
EFTA00033357,https://www.justice.gov/epstein/files/DataSet%208/EFTA00033357.pdf,https://www.justice.gov/epstein/files/DataSet%208/EFTA00033357,True,https://www.justice.gov/epstein/files/DataSet%208/EFTA00033357.mp4,mp4,video_or_audio,video/mp4,206,ok via .mp4
EFTA00033359,https://www.justice.gov/epstein/files/DataSet%208/EFTA00033359.pdf,https://www.justice.gov/epstein/files/DataSet%208/EFTA00033359,True,https://www.justice.gov/epstein/files/DataSet%208/EFTA00033359.mp4,mp4,video_or_audio,video/mp4,206,ok via .mp4
EFTA00033360,https://www.justice.gov/epstein/files/DataSet%208/EFTA00033360.pdf,https://www.justice.gov/epstein/files/DataSet%208/EFTA00033360,True,https://www.justice.gov/epstein/files/DataSet%208/EFTA00033360.mp4,mp4,video_or_audio,video/mp4,206,ok via .mp4
EFTA00033364,https://www.justice.gov/epstein/files/DataSet%208/EFTA00033364.pdf,https://www.justice.gov/epstein/files/DataSet%208/EFTA00033364,True,https://www.justice.gov/epstein/files/DataSet%208/EFTA00033364.mp4,mp4,video_or_audio,video/mp4,206,ok via .mp4
EFTA00033367,https://www.justice.gov/epstein/files/DataSet%208/EFTA00033367.pdf,https://www.justice.gov/epstein/files/DataSet%208/EFTA00033367,True,https://www.justice.gov/epstein/files/DataSet%208/EFTA00033367.mp4,mp4,video_or_audio,video/mp4,206,ok via .mp4
EFTA00033368,https://www.justice.gov/epstein/files/DataSet%208/EFTA00033368.pdf,https://www.justice.gov/epstein/files/DataSet%208/EFTA00033368,True,https://www.justice.gov/epstein/files/DataSet%208/EFTA00033368.mp4,mp4,video_or_audio,video/mp4,206,ok via .mp4
EFTA00033369,https://www.justice.gov/epstein/files/DataSet%208/EFTA00033369.pdf,https://www.justice.gov/epstein/files/DataSet%208/EFTA00033369,True,https://www.justice.gov/epstein/files/DataSet%208/EFTA00033369.mp4,mp4,video_or_audio,video/mp4,206,ok via .mp4
EFTA00033370,https://www.justice.gov/epstein/files/DataSet%208/EFTA00033370.pdf,https://www.justice.gov/epstein/files/DataSet%208/EFTA00033370,True,https://www.justice.gov/epstein/files/DataSet%208/EFTA00033370.mp4,mp4,video_or_audio,video/mp4,206,ok via .mp4
EFTA00033371,https://www.justice.gov/epstein/files/DataSet%208/EFTA00033371.pdf,https://www.justice.gov/epstein/files/DataSet%208/EFTA00033371,True,https://www.justice.gov/epstein/files/DataSet%208/EFTA00033371.mp4,mp4,video_or_audio,video/mp4,206,ok via .mp4
EFTA00033374,https://www.justice.gov/epstein/files/DataSet%208/EFTA00033374.pdf,https://www.justice.gov/epstein/files/DataSet%208/EFTA00033374,True,https://www.justice.gov/epstein/files/DataSet%208/EFTA00033374.mp4,mp4,video_or_audio,video/mp4,206,ok via .mp4
EFTA00033375,https://www.justice.gov/epstein/files/DataSet%208/EFTA00033375.pdf,https://www.justice.gov/epstein/files/DataSet%208/EFTA00033375,True,https://www.justice.gov/epstein/files/DataSet%208/EFTA00033375.mp4,mp4,video_or_audio,video/mp4,206,ok via .mp4
EFTA00033376,https://www.justice.gov/epstein/files/DataSet%208/EFTA00033376.pdf,https://www.justice.gov/epstein/files/DataSet%208/EFTA00033376,True,https://www.justice.gov/epstein/files/DataSet%208/EFTA00033376.mp4,mp4,video_or_audio,video/mp4,206,ok via .mp4
EFTA00033377,https://www.justice.gov/epstein/files/DataSet%208/EFTA00033377.pdf,https://www.justice.gov/epstein/files/DataSet%208/EFTA00033377,True,https://www.justice.gov/epstein/files/DataSet%208/EFTA00033377.mp4,mp4,video_or_audio,video/mp4,206,ok via .mp4
EFTA00033378,https://www.justice.gov/epstein/files/DataSet%208/EFTA00033378.pdf,https://www.justice.gov/epstein/files/DataSet%208/EFTA00033378,True,https://www.justice.gov/epstein/files/DataSet%208/EFTA00033378.mp4,mp4,video_or_audio,video/mp4,206,ok via .mp4
EFTA00033379,https://www.justice.gov/epstein/files/DataSet%208/EFTA00033379.pdf,https://www.justice.gov/epstein/files/DataSet%208/EFTA00033379,True,https://www.justice.gov/epstein/files/DataSet%208/EFTA00033379.mp4,mp4,video_or_audio,video/mp4,206,ok via .mp4
EFTA00033380,https://www.justice.gov/epstein/files/DataSet%208/EFTA00033380.pdf,https://www.justice.gov/epstein/files/DataSet%208/EFTA00033380,True,https://www.justice.gov/epstein/files/DataSet%208/EFTA00033380.mp4,mp4,video_or_audio,video/mp4,206,ok via .mp4
EFTA00033382,https://www.justice.gov/epstein/files/DataSet%208/EFTA00033382.pdf,https://www.justice.gov/epstein/files/DataSet%208/EFTA00033382,True,https://www.justice.gov/epstein/files/DataSet%208/EFTA00033382.mp4,mp4,video_or_audio,video/mp4,206,ok via .mp4
EFTA00033383,https://www.justice.gov/epstein/files/DataSet%208/EFTA00033383.pdf,https://www.justice.gov/epstein/files/DataSet%208/EFTA00033383,True,https://www.justice.gov/epstein/files/DataSet%208/EFTA00033383.mp4,mp4,video_or_audio,video/mp4,206,ok via .mp4
EFTA00033385,https://www.justice.gov/epstein/files/DataSet%208/EFTA00033385.pdf,https://www.justice.gov/epstein/files/DataSet%208/EFTA00033385,True,https://www.justice.gov/epstein/files/DataSet%208/EFTA00033385.mp4,mp4,video_or_audio,video/mp4,206,ok via .mp4
EFTA00033391,https://www.justice.gov/epstein/files/DataSet%208/EFTA00033391.pdf,https://www.justice.gov/epstein/files/DataSet%208/EFTA00033391,True,https://www.justice.gov/epstein/files/DataSet%208/EFTA00033391.mp4,mp4,video_or_audio,video/mp4,206,ok via .mp4
EFTA00033393,https://www.justice.gov/epstein/files/DataSet%208/EFTA00033393.pdf,https://www.justice.gov/epstein/files/DataSet%208/EFTA00033393,True,https://www.justice.gov/epstein/files/DataSet%208/EFTA00033393.mp4,mp4,video_or_audio,video/mp4,206,ok via .mp4
EFTA00033395,https://www.justice.gov/epstein/files/DataSet%208/EFTA00033395.pdf,https://www.justice.gov/epstein/files/DataSet%208/EFTA00033395,True,https://www.justice.gov/epstein/files/DataSet%208/EFTA00033395.mp4,mp4,video_or_audio,video/mp4,206,ok via .mp4
EFTA00033396,https://www.justice.gov/epstein/files/DataSet%208/EFTA00033396.pdf,https://www.justice.gov/epstein/files/DataSet%208/EFTA00033396,True,https://www.justice.gov/epstein/files/DataSet%208/EFTA00033396.mp4,mp4,video_or_audio,video/mp4,206,ok via .mp4
EFTA00033398,https://www.justice.gov/epstein/files/DataSet%208/EFTA00033398.pdf,https://www.justice.gov/epstein/files/DataSet%208/EFTA00033398,True,https://www.justice.gov/epstein/files/DataSet%208/EFTA00033398.mp4,mp4,video_or_audio,video/mp4,206,ok via .mp4
EFTA00033400,https://www.justice.gov/epstein/files/DataSet%208/EFTA00033400.pdf,https://www.justice.gov/epstein/files/DataSet%208/EFTA00033400,True,https://www.justice.gov/epstein/files/DataSet%208/EFTA00033400.mp4,mp4,video_or_audio,video/mp4,206,ok via .mp4
EFTA00033401,https://www.justice.gov/epstein/files/DataSet%208/EFTA00033401.pdf,https://www.justice.gov/epstein/files/DataSet%208/EFTA00033401,True,https://www.justice.gov/epstein/files/DataSet%208/EFTA00033401.mp4,mp4,video_or_audio,video/mp4,206,ok via .mp4
EFTA00033402,https://www.justice.gov/epstein/files/DataSet%208/EFTA00033402.pdf,https://www.justice.gov/epstein/files/DataSet%208/EFTA00033402,True,https://www.justice.gov/epstein/files/DataSet%208/EFTA00033402.mp4,mp4,video_or_audio,video/mp4,206,ok via .mp4
EFTA00033403,https://www.justice.gov/epstein/files/DataSet%208/EFTA00033403.pdf,https://www.justice.gov/epstein/files/DataSet%208/EFTA00033403,True,https://www.justice.gov/epstein/files/DataSet%208/EFTA00033403.mp4,mp4,video_or_audio,video/mp4,206,ok via .mp4
EFTA00033404,https://www.justice.gov/epstein/files/DataSet%208/EFTA00033404.pdf,https://www.justice.gov/epstein/files/DataSet%208/EFTA00033404,True,https://www.justice.gov/epstein/files/DataSet%208/EFTA00033404.mp4,mp4,video_or_audio,video/mp4,206,ok via .mp4
EFTA00033405,https://www.justice.gov/epstein/files/DataSet%208/EFTA00033405.pdf,https://www.justice.gov/epstein/files/DataSet%208/EFTA00033405,True,https://www.justice.gov/epstein/files/DataSet%208/EFTA00033405.mp4,mp4,video_or_audio,video/mp4,206,ok via .mp4
EFTA00033406,https://www.justice.gov/epstein/files/DataSet%208/EFTA00033406.pdf,https://www.justice.gov/epstein/files/DataSet%208/EFTA00033406,True,https://www.justice.gov/epstein/files/DataSet%208/EFTA00033406.mp4,mp4,video_or_audio,video/mp4,206,ok via .mp4
EFTA00033407,https://www.justice.gov/epstein/files/DataSet%208/EFTA00033407.pdf,https://www.justice.gov/epstein/files/DataSet%208/EFTA00033407,True,https://www.justice.gov/epstein/files/DataSet%208/EFTA00033407.mp4,mp4,video_or_audio,video/mp4,206,ok via .mp4
EFTA00033408,https://www.justice.gov/epstein/files/DataSet%208/EFTA00033408.pdf,https://www.justice.gov/epstein/files/DataSet%208/EFTA00033408,True,https://www.justice.gov/epstein/files/DataSet%208/EFTA00033408.mp4,mp4,video_or_audio,video/mp4,206,ok via .mp4
EFTA00033412,https://www.justice.gov/epstein/files/DataSet%208/EFTA00033412.pdf,https://www.justice.gov/epstein/files/DataSet%208/EFTA00033412,True,https://www.justice.gov/epstein/files/DataSet%208/EFTA00033412.mp4,mp4,video_or_audio,video/mp4,206,ok via .mp4
EFTA00064598,https://www.justice.gov/epstein/files/DataSet%209/EFTA00064598.pdf,https://www.justice.gov/epstein/files/DataSet%209/EFTA00064598,True,https://www.justice.gov/epstein/files/DataSet%209/EFTA00064598.mp4,mp4,video_or_audio,video/mp4,206,ok via .mp4
EFTA00064599,https://www.justice.gov/epstein/files/DataSet%209/EFTA00064599.pdf,https://www.justice.gov/epstein/files/DataSet%209/EFTA00064599,True,https://www.justice.gov/epstein/files/DataSet%209/EFTA00064599.mp4,mp4,video_or_audio,video/mp4,206,ok via .mp4
EFTA00064600,https://www.justice.gov/epstein/files/DataSet%209/EFTA00064600.pdf,https://www.justice.gov/epstein/files/DataSet%209/EFTA00064600,True,https://www.justice.gov/epstein/files/DataSet%209/EFTA00064600.mp4,mp4,video_or_audio,video/mp4,206,ok via .mp4
EFTA00064601,https://www.justice.gov/epstein/files/DataSet%209/EFTA00064601.pdf,https://www.justice.gov/epstein/files/DataSet%209/EFTA00064601,True,https://www.justice.gov/epstein/files/DataSet%209/EFTA00064601.mp4,mp4,video_or_audio,video/mp4,206,ok via .mp4
EFTA00064602,https://www.justice.gov/epstein/files/DataSet%209/EFTA00064602.pdf,https://www.justice.gov/epstein/files/DataSet%209/EFTA00064602,True,https://www.justice.gov/epstein/files/DataSet%209/EFTA00064602.mp4,mp4,video_or_audio,video/mp4,206,ok via .mp4
EFTA00064603,https://www.justice.gov/epstein/files/DataSet%209/EFTA00064603.pdf,https://www.justice.gov/epstein/files/DataSet%209/EFTA00064603,True,https://www.justice.gov/epstein/files/DataSet%209/EFTA00064603.mp4,mp4,video_or_audio,video/mp4,206,ok via .mp4
EFTA00064604,https://www.justice.gov/epstein/files/DataSet%209/EFTA00064604.pdf,https://www.justice.gov/epstein/files/DataSet%209/EFTA00064604,True,https://www.justice.gov/epstein/files/DataSet%209/EFTA00064604.mp4,mp4,video_or_audio,video/mp4,206,ok via .mp4
EFTA00064605,https://www.justice.gov/epstein/files/DataSet%209/EFTA00064605.pdf,https://www.justice.gov/epstein/files/DataSet%209/EFTA00064605,True,https://www.justice.gov/epstein/files/DataSet%209/EFTA00064605.mp4,mp4,video_or_audio,video/mp4,206,ok via .mp4
EFTA00064606,https://www.justice.gov/epstein/files/DataSet%209/EFTA00064606.pdf,https://www.justice.gov/epstein/files/DataSet%209/EFTA00064606,True,https://www.justice.gov/epstein/files/DataSet%209/EFTA00064606.mp4,mp4,video_or_audio,video/mp4,206,ok via .mp4
EFTA00064607,https://www.justice.gov/epstein/files/DataSet%209/EFTA00064607.pdf,https://www.justice.gov/epstein/files/DataSet%209/EFTA00064607,True,https://www.justice.gov/epstein/files/DataSet%209/EFTA00064607.mp4,mp4,video_or_audio,video/mp4,206,ok via .mp4
EFTA00064609,https://www.justice.gov/epstein/files/DataSet%209/EFTA00064609.pdf,https://www.justice.gov/epstein/files/DataSet%209/EFTA00064609,True,https://www.justice.gov/epstein/files/DataSet%209/EFTA00064609.mp4,mp4,video_or_audio,video/mp4,206,ok via .mp4
EFTA00064610,https://www.justice.gov/epstein/files/DataSet%209/EFTA00064610.pdf,https://www.justice.gov/epstein/files/DataSet%209/EFTA00064610,True,https://www.justice.gov/epstein/files/DataSet%209/EFTA00064610.mp4,mp4,video_or_audio,video/mp4,206,ok via .mp4
EFTA00064611,https://www.justice.gov/epstein/files/DataSet%209/EFTA00064611.pdf,https://www.justice.gov/epstein/files/DataSet%209/EFTA00064611,True,https://www.justice.gov/epstein/files/DataSet%209/EFTA00064611.mp4,mp4,video_or_audio,video/mp4,206,ok via .mp4
EFTA00064612,https://www.justice.gov/epstein/files/DataSet%209/EFTA00064612.pdf,https://www.justice.gov/epstein/files/DataSet%209/EFTA00064612,True,https://www.justice.gov/epstein/files/DataSet%209/EFTA00064612.mp4,mp4,video_or_audio,video/mp4,206,ok via .mp4
EFTA00064613,https://www.justice.gov/epstein/files/DataSet%209/EFTA00064613.pdf,https://www.justice.gov/epstein/files/DataSet%209/EFTA00064613,True,https://www.justice.gov/epstein/files/DataSet%209/EFTA00064613.mp4,mp4,video_or_audio,video/mp4,206,ok via .mp4
EFTA00064614,https://www.justice.gov/epstein/files/DataSet%209/EFTA00064614.pdf,https://www.justice.gov/epstein/files/DataSet%209/EFTA00064614,True,https://www.justice.gov/epstein/files/DataSet%209/EFTA00064614.mp4,mp4,video_or_audio,video/mp4,206,ok via .mp4
EFTA00072396,https://www.justice.gov/epstein/files/DataSet%209/EFTA00072396.pdf,https://www.justice.gov/epstein/files/DataSet%209/EFTA00072396,True,https://www.justice.gov/epstein/files/DataSet%209/EFTA00072396.m4a,m4a,audio,audio/mp4,206,ok via .m4a
EFTA00072398,https://www.justice.gov/epstein/files/DataSet%209/EFTA00072398.pdf,https://www.justice.gov/epstein/files/DataSet%209/EFTA00072398,True,https://www.justice.gov/epstein/files/DataSet%209/EFTA00072398.m4a,m4a,audio,audio/mp4,206,ok via .m4a
EFTA00072399,https://www.justice.gov/epstein/files/DataSet%209/EFTA00072399.pdf,https://www.justice.gov/epstein/files/DataSet%209/EFTA00072399,True,https://www.justice.gov/epstein/files/DataSet%209/EFTA00072399.m4a,m4a,audio,audio/mp4,206,ok via .m4a
EFTA00072400,https://www.justice.gov/epstein/files/DataSet%209/EFTA00072400.pdf,https://www.justice.gov/epstein/files/DataSet%209/EFTA00072400,True,https://www.justice.gov/epstein/files/DataSet%209/EFTA00072400.m4a,m4a,audio,audio/mp4,206,ok via .m4a
EFTA00076840,https://www.justice.gov/epstein/files/DataSet%209/EFTA00076840.pdf,https://www.justice.gov/epstein/files/DataSet%209/EFTA00076840,True,https://www.justice.gov/epstein/files/DataSet%209/EFTA00076840.mov,mov,video,video/quicktime,206,ok via .mov
EFTA00083881,https://www.justice.gov/epstein/files/DataSet%209/EFTA00083881.pdf,https://www.justice.gov/epstein/files/DataSet%209/EFTA00083881,True,https://www.justice.gov/epstein/files/DataSet%209/EFTA00083881.m4a,m4a,audio,audio/mp4,206,ok via .m4a
EFTA00087284,https://www.justice.gov/epstein/files/DataSet%209/EFTA00087284.pdf,https://www.justice.gov/epstein/files/DataSet%209/EFTA00087284,True,https://www.justice.gov/epstein/files/DataSet%209/EFTA00087284.mp4,mp4,video_or_audio,video/mp4,206,ok via .mp4
EFTA00087285,https://www.justice.gov/epstein/files/DataSet%209/EFTA00087285.pdf,https://www.justice.gov/epstein/files/DataSet%209/EFTA00087285,True,https://www.justice.gov/epstein/files/DataSet%209/EFTA00087285.mov,mov,video,video/quicktime,206,ok via .mov
EFTA00090492,https://www.justice.gov/epstein/files/DataSet%209/EFTA00090492.pdf,https://www.justice.gov/epstein/files/DataSet%209/EFTA00090492,True,https://www.justice.gov/epstein/files/DataSet%209/EFTA00090492.m4a,m4a,audio,audio/mp4,206,ok via .m4a
EFTA00093515,https://www.justice.gov/epstein/files/DataSet%209/EFTA00093515.pdf,https://www.justice.gov/epstein/files/DataSet%209/EFTA00093515,True,https://www.justice.gov/epstein/files/DataSet%209/EFTA00093515.m4a,m4a,audio,audio/mp4,206,ok via .m4a
EFTA00093695,https://www.justice.gov/epstein/files/DataSet%209/EFTA00093695.pdf,https://www.justice.gov/epstein/files/DataSet%209/EFTA00093695,True,https://www.justice.gov/epstein/files/DataSet%209/EFTA00093695.mp4,mp4,video_or_audio,video/mp4,206,ok via .mp4
EFTA00093696,https://www.justice.gov/epstein/files/DataSet%209/EFTA00093696.pdf,https://www.justice.gov/epstein/files/DataSet%209/EFTA00093696,True,https://www.justice.gov/epstein/files/DataSet%209/EFTA00093696.mov,mov,video,video/quicktime,206,ok via .mov
EFTA00093697,https://www.justice.gov/epstein/files/DataSet%209/EFTA00093697.pdf,https://www.justice.gov/epstein/files/DataSet%209/EFTA00093697,False,,,,,,gated_or_rate_limited (html streak)
EFTA00096469,https://www.justice.gov/epstein/files/DataSet%209/EFTA00096469.pdf,https://www.justice.gov/epstein/files/DataSet%209/EFTA00096469,True,https://www.justice.gov/epstein/files/DataSet%209/EFTA00096469.m4a,m4a,audio,audio/mp4,206,ok via .m4a
EFTA00099787,https://www.justice.gov/epstein/files/DataSet%209/EFTA00099787.pdf,https://www.justice.gov/epstein/files/DataSet%209/EFTA00099787,True,https://www.justice.gov/epstein/files/DataSet%209/EFTA00099787.mp4,mp4,video_or_audio,video/mp4,206,ok via .mp4
EFTA00099789,https://www.justice.gov/epstein/files/DataSet%209/EFTA00099789.pdf,https://www.justice.gov/epstein/files/DataSet%209/EFTA00099789,True,https://www.justice.gov/epstein/files/DataSet%209/EFTA00099789.mp4,mp4,video_or_audio,video/mp4,206,ok via .mp4
EFTA00102122,https://www.justice.gov/epstein/files/DataSet%209/EFTA00102122.pdf,https://www.justice.gov/epstein/files/DataSet%209/EFTA00102122,True,https://www.justice.gov/epstein/files/DataSet%209/EFTA00102122.mov,mov,video,video/quicktime,206,ok via .mov
EFTA00102123,https://www.justice.gov/epstein/files/DataSet%209/EFTA00102123.pdf,https://www.justice.gov/epstein/files/DataSet%209/EFTA00102123,True,https://www.justice.gov/epstein/files/DataSet%209/EFTA00102123.mov,mov,video,video/quicktime,206,ok via .mov
EFTA00104842,https://www.justice.gov/epstein/files/DataSet%209/EFTA00104842.pdf,https://www.justice.gov/epstein/files/DataSet%209/EFTA00104842,True,https://www.justice.gov/epstein/files/DataSet%209/EFTA00104842.m4a,m4a,audio,audio/mp4,206,ok via .m4a
EFTA00108920,https://www.justice.gov/epstein/files/DataSet%209/EFTA00108920.pdf,https://www.justice.gov/epstein/files/DataSet%209/EFTA00108920,True,https://www.justice.gov/epstein/files/DataSet%209/EFTA00108920.mp4,mp4,video_or_audio,video/mp4,206,ok via .mp4
EFTA00108921,https://www.justice.gov/epstein/files/DataSet%209/EFTA00108921.pdf,https://www.justice.gov/epstein/files/DataSet%209/EFTA00108921,True,https://www.justice.gov/epstein/files/DataSet%209/EFTA00108921.mp4,mp4,video_or_audio,video/mp4,206,ok via .mp4
EFTA00108922,https://www.justice.gov/epstein/files/DataSet%209/EFTA00108922.pdf,https://www.justice.gov/epstein/files/DataSet%209/EFTA00108922,True,https://www.justice.gov/epstein/files/DataSet%209/EFTA00108922.mp4,mp4,video_or_audio,video/mp4,206,ok via .mp4
EFTA00108923,https://www.justice.gov/epstein/files/DataSet%209/EFTA00108923.pdf,https://www.justice.gov/epstein/files/DataSet%209/EFTA00108923,True,https://www.justice.gov/epstein/files/DataSet%209/EFTA00108923.mp4,mp4,video_or_audio,video/mp4,206,ok via .mp4
EFTA00108924,https://www.justice.gov/epstein/files/DataSet%209/EFTA00108924.pdf,https://www.justice.gov/epstein/files/DataSet%209/EFTA00108924,True,https://www.justice.gov/epstein/files/DataSet%209/EFTA00108924.mp4,mp4,video_or_audio,video/mp4,206,ok via .mp4
EFTA00108925,https://www.justice.gov/epstein/files/DataSet%209/EFTA00108925.pdf,https://www.justice.gov/epstein/files/DataSet%209/EFTA00108925,True,https://www.justice.gov/epstein/files/DataSet%209/EFTA00108925.mp4,mp4,video_or_audio,video/mp4,206,ok via .mp4
EFTA00108926,https://www.justice.gov/epstein/files/DataSet%209/EFTA00108926.pdf,https://www.justice.gov/epstein/files/DataSet%209/EFTA00108926,True,https://www.justice.gov/epstein/files/DataSet%209/EFTA00108926.mp4,mp4,video_or_audio,video/mp4,206,ok via .mp4
EFTA00108927,https://www.justice.gov/epstein/files/DataSet%209/EFTA00108927.pdf,https://www.justice.gov/epstein/files/DataSet%209/EFTA00108927,True,https://www.justice.gov/epstein/files/DataSet%209/EFTA00108927.mp4,mp4,video_or_audio,video/mp4,206,ok via .mp4
EFTA00108929,https://www.justice.gov/epstein/files/DataSet%209/EFTA00108929.pdf,https://www.justice.gov/epstein/files/DataSet%209/EFTA00108929,True,https://www.justice.gov/epstein/files/DataSet%209/EFTA00108929.mp4,mp4,video_or_audio,video/mp4,206,ok via .mp4
EFTA00108930,https://www.justice.gov/epstein/files/DataSet%209/EFTA00108930.pdf,https://www.justice.gov/epstein/files/DataSet%209/EFTA00108930,True,https://www.justice.gov/epstein/files/DataSet%209/EFTA00108930.mp4,mp4,video_or_audio,video/mp4,206,ok via .mp4
EFTA00108931,https://www.justice.gov/epstein/files/DataSet%209/EFTA00108931.pdf,https://www.justice.gov/epstein/files/DataSet%209/EFTA00108931,True,https://www.justice.gov/epstein/files/DataSet%209/EFTA00108931.mp4,mp4,video_or_audio,video/mp4,206,ok via .mp4
EFTA00108932,https://www.justice.gov/epstein/files/DataSet%209/EFTA00108932.pdf,https://www.justice.gov/epstein/files/DataSet%209/EFTA00108932,True,https://www.justice.gov/epstein/files/DataSet%209/EFTA00108932.mp4,mp4,video_or_audio,video/mp4,206,ok via .mp4
EFTA00123083,https://www.justice.gov/epstein/files/DataSet%209/EFTA00123083.pdf,https://www.justice.gov/epstein/files/DataSet%209/EFTA00123083,True,https://www.justice.gov/epstein/files/DataSet%209/EFTA00123083.mov,mov,video,video/quicktime,206,ok via .mov
EFTA00128448,https://www.justice.gov/epstein/files/DataSet%209/EFTA00128448.pdf,https://www.justice.gov/epstein/files/DataSet%209/EFTA00128448,True,https://www.justice.gov/epstein/files/DataSet%209/EFTA00128448.mp4,mp4,video_or_audio,video/mp4,206,ok via .mp4
EFTA00128450,https://www.justice.gov/epstein/files/DataSet%209/EFTA00128450.pdf,https://www.justice.gov/epstein/files/DataSet%209/EFTA00128450,True,https://www.justice.gov/epstein/files/DataSet%209/EFTA00128450.mp4,mp4,video_or_audio,video/mp4,206,ok via .mp4
EFTA00128451,https://www.justice.gov/epstein/files/DataSet%209/EFTA00128451.pdf,https://www.justice.gov/epstein/files/DataSet%209/EFTA00128451,True,https://www.justice.gov/epstein/files/DataSet%209/EFTA00128451.mp4,mp4,video_or_audio,video/mp4,206,ok via .mp4
EFTA00128452,https://www.justice.gov/epstein/files/DataSet%209/EFTA00128452.pdf,https://www.justice.gov/epstein/files/DataSet%209/EFTA00128452,True,https://www.justice.gov/epstein/files/DataSet%209/EFTA00128452.mp4,mp4,video_or_audio,video/mp4,206,ok via .mp4
EFTA00128453,https://www.justice.gov/epstein/files/DataSet%209/EFTA00128453.pdf,https://www.justice.gov/epstein/files/DataSet%209/EFTA00128453,True,https://www.justice.gov/epstein/files/DataSet%209/EFTA00128453.mp4,mp4,video_or_audio,video/mp4,206,ok via .mp4
EFTA00128454,https://www.justice.gov/epstein/files/DataSet%209/EFTA00128454.pdf,https://www.justice.gov/epstein/files/DataSet%209/EFTA00128454,True,https://www.justice.gov/epstein/files/DataSet%209/EFTA00128454.mp4,mp4,video_or_audio,video/mp4,206,ok via .mp4
EFTA00128456,https://www.justice.gov/epstein/files/DataSet%209/EFTA00128456.pdf,https://www.justice.gov/epstein/files/DataSet%209/EFTA00128456,True,https://www.justice.gov/epstein/files/DataSet%209/EFTA00128456.mp4,mp4,video_or_audio,video/mp4,206,ok via .mp4
EFTA00128457,https://www.justice.gov/epstein/files/DataSet%209/EFTA00128457.pdf,https://www.justice.gov/epstein/files/DataSet%209/EFTA00128457,True,https://www.justice.gov/epstein/files/DataSet%209/EFTA00128457.mp4,mp4,video_or_audio,video/mp4,206,ok via .mp4
EFTA00128458,https://www.justice.gov/epstein/files/DataSet%209/EFTA00128458.pdf,https://www.justice.gov/epstein/files/DataSet%209/EFTA00128458,True,https://www.justice.gov/epstein/files/DataSet%209/EFTA00128458.mp4,mp4,video_or_audio,video/mp4,206,ok via .mp4
EFTA00128459,https://www.justice.gov/epstein/files/DataSet%209/EFTA00128459.pdf,https://www.justice.gov/epstein/files/DataSet%209/EFTA00128459,True,https://www.justice.gov/epstein/files/DataSet%209/EFTA00128459.mp4,mp4,video_or_audio,video/mp4,206,ok via .mp4
EFTA00128462,https://www.justice.gov/epstein/files/DataSet%209/EFTA00128462.pdf,https://www.justice.gov/epstein/files/DataSet%209/EFTA00128462,True,https://www.justice.gov/epstein/files/DataSet%209/EFTA00128462.mp4,mp4,video_or_audio,video/mp4,206,ok via .mp4
EFTA00128464,https://www.justice.gov/epstein/files/DataSet%209/EFTA00128464.pdf,https://www.justice.gov/epstein/files/DataSet%209/EFTA00128464,True,https://www.justice.gov/epstein/files/DataSet%209/EFTA00128464.mp4,mp4,video_or_audio,video/mp4,206,ok via .mp4
EFTA00128465,https://www.justice.gov/epstein/files/DataSet%209/EFTA00128465.pdf,https://www.justice.gov/epstein/files/DataSet%209/EFTA00128465,True,https://www.justice.gov/epstein/files/DataSet%209/EFTA00128465.mp4,mp4,video_or_audio,video/mp4,206,ok via .mp4
EFTA00128466,https://www.justice.gov/epstein/files/DataSet%209/EFTA00128466.pdf,https://www.justice.gov/epstein/files/DataSet%209/EFTA00128466,True,https://www.justice.gov/epstein/files/DataSet%209/EFTA00128466.mp4,mp4,video_or_audio,video/mp4,206,ok via .mp4
EFTA00128467,https://www.justice.gov/epstein/files/DataSet%209/EFTA00128467.pdf,https://www.justice.gov/epstein/files/DataSet%209/EFTA00128467,True,https://www.justice.gov/epstein/files/DataSet%209/EFTA00128467.mp4,mp4,video_or_audio,video/mp4,206,ok via .mp4
EFTA00128469,https://www.justice.gov/epstein/files/DataSet%209/EFTA00128469.pdf,https://www.justice.gov/epstein/files/DataSet%209/EFTA00128469,True,https://www.justice.gov/epstein/files/DataSet%209/EFTA00128469.mp4,mp4,video_or_audio,video/mp4,206,ok via .mp4
EFTA00128470,https://www.justice.gov/epstein/files/DataSet%209/EFTA00128470.pdf,https://www.justice.gov/epstein/files/DataSet%209/EFTA00128470,True,https://www.justice.gov/epstein/files/DataSet%209/EFTA00128470.mp4,mp4,video_or_audio,video/mp4,206,ok via .mp4
EFTA00128471,https://www.justice.gov/epstein/files/DataSet%209/EFTA00128471.pdf,https://www.justice.gov/epstein/files/DataSet%209/EFTA00128471,True,https://www.justice.gov/epstein/files/DataSet%209/EFTA00128471.mp4,mp4,video_or_audio,video/mp4,206,ok via .mp4
EFTA00128473,https://www.justice.gov/epstein/files/DataSet%209/EFTA00128473.pdf,https://www.justice.gov/epstein/files/DataSet%209/EFTA00128473,True,https://www.justice.gov/epstein/files/DataSet%209/EFTA00128473.mp4,mp4,video_or_audio,video/mp4,206,ok via .mp4
EFTA00128474,https://www.justice.gov/epstein/files/DataSet%209/EFTA00128474.pdf,https://www.justice.gov/epstein/files/DataSet%209/EFTA00128474,True,https://www.justice.gov/epstein/files/DataSet%209/EFTA00128474.mp4,mp4,video_or_audio,video/mp4,206,ok via .mp4
EFTA00128476,https://www.justice.gov/epstein/files/DataSet%209/EFTA00128476.pdf,https://www.justice.gov/epstein/files/DataSet%209/EFTA00128476,True,https://www.justice.gov/epstein/files/DataSet%209/EFTA00128476.mp4,mp4,video_or_audio,video/mp4,206,ok via .mp4
EFTA00128477,https://www.justice.gov/epstein/files/DataSet%209/EFTA00128477.pdf,https://www.justice.gov/epstein/files/DataSet%209/EFTA00128477,True,https://www.justice.gov/epstein/files/DataSet%209/EFTA00128477.mp4,mp4,video_or_audio,video/mp4,206,ok via .mp4
EFTA00128479,https://www.justice.gov/epstein/files/DataSet%209/EFTA00128479.pdf,https://www.justice.gov/epstein/files/DataSet%209/EFTA00128479,True,https://www.justice.gov/epstein/files/DataSet%209/EFTA00128479.mp4,mp4,video_or_audio,video/mp4,206,ok via .mp4
EFTA00128481,https://www.justice.gov/epstein/files/DataSet%209/EFTA00128481.pdf,https://www.justice.gov/epstein/files/DataSet%209/EFTA00128481,True,https://www.justice.gov/epstein/files/DataSet%209/EFTA00128481.mp4,mp4,video_or_audio,video/mp4,206,ok via .mp4
EFTA00128482,https://www.justice.gov/epstein/files/DataSet%209/EFTA00128482.pdf,https://www.justice.gov/epstein/files/DataSet%209/EFTA00128482,True,https://www.justice.gov/epstein/files/DataSet%209/EFTA00128482.mp4,mp4,video_or_audio,video/mp4,206,ok via .mp4
EFTA00128484,https://www.justice.gov/epstein/files/DataSet%209/EFTA00128484.pdf,https://www.justice.gov/epstein/files/DataSet%209/EFTA00128484,True,https://www.justice.gov/epstein/files/DataSet%209/EFTA00128484.mp4,mp4,video_or_audio,video/mp4,206,ok via .mp4
EFTA00128485,https://www.justice.gov/epstein/files/DataSet%209/EFTA00128485.pdf,https://www.justice.gov/epstein/files/DataSet%209/EFTA00128485,True,https://www.justice.gov/epstein/files/DataSet%209/EFTA00128485.mp4,mp4,video_or_audio,video/mp4,206,ok via .mp4
EFTA00128486,https://www.justice.gov/epstein/files/DataSet%209/EFTA00128486.pdf,https://www.justice.gov/epstein/files/DataSet%209/EFTA00128486,True,https://www.justice.gov/epstein/files/DataSet%209/EFTA00128486.mp4,mp4,video_or_audio,video/mp4,206,ok via .mp4
EFTA00128487,https://www.justice.gov/epstein/files/DataSet%209/EFTA00128487.pdf,https://www.justice.gov/epstein/files/DataSet%209/EFTA00128487,True,https://www.justice.gov/epstein/files/DataSet%209/EFTA00128487.mp4,mp4,video_or_audio,video/mp4,206,ok via .mp4
EFTA00128492,https://www.justice.gov/epstein/files/DataSet%209/EFTA00128492.pdf,https://www.justice.gov/epstein/files/DataSet%209/EFTA00128492,True,https://www.justice.gov/epstein/files/DataSet%209/EFTA00128492.mp4,mp4,video_or_audio,video/mp4,206,ok via .mp4
EFTA00128493,https://www.justice.gov/epstein/files/DataSet%209/EFTA00128493.pdf,https://www.justice.gov/epstein/files/DataSet%209/EFTA00128493,True,https://www.justice.gov/epstein/files/DataSet%209/EFTA00128493.mp4,mp4,video_or_audio,video/mp4,206,ok via .mp4
EFTA00128494,https://www.justice.gov/epstein/files/DataSet%209/EFTA00128494.pdf,https://www.justice.gov/epstein/files/DataSet%209/EFTA00128494,True,https://www.justice.gov/epstein/files/DataSet%209/EFTA00128494.mp4,mp4,video_or_audio,video/mp4,206,ok via .mp4
EFTA00128496,https://www.justice.gov/epstein/files/DataSet%209/EFTA00128496.pdf,https://www.justice.gov/epstein/files/DataSet%209/EFTA00128496,True,https://www.justice.gov/epstein/files/DataSet%209/EFTA00128496.mp4,mp4,video_or_audio,video/mp4,206,ok via .mp4
EFTA00128497,https://www.justice.gov/epstein/files/DataSet%209/EFTA00128497.pdf,https://www.justice.gov/epstein/files/DataSet%209/EFTA00128497,True,https://www.justice.gov/epstein/files/DataSet%209/EFTA00128497.mp4,mp4,video_or_audio,video/mp4,206,ok via .mp4
EFTA00128498,https://www.justice.gov/epstein/files/DataSet%209/EFTA00128498.pdf,https://www.justice.gov/epstein/files/DataSet%209/EFTA00128498,True,https://www.justice.gov/epstein/files/DataSet%209/EFTA00128498.mp4,mp4,video_or_audio,video/mp4,206,ok via .mp4
EFTA00128502,https://www.justice.gov/epstein/files/DataSet%209/EFTA00128502.pdf,https://www.justice.gov/epstein/files/DataSet%209/EFTA00128502,True,https://www.justice.gov/epstein/files/DataSet%209/EFTA00128502.mp4,mp4,video_or_audio,video/mp4,206,ok via .mp4
EFTA00128504,https://www.justice.gov/epstein/files/DataSet%209/EFTA00128504.pdf,https://www.justice.gov/epstein/files/DataSet%209/EFTA00128504,True,https://www.justice.gov/epstein/files/DataSet%209/EFTA00128504.mp4,mp4,video_or_audio,video/mp4,206,ok via .mp4
EFTA00128507,https://www.justice.gov/epstein/files/DataSet%209/EFTA00128507.pdf,https://www.justice.gov/epstein/files/DataSet%209/EFTA00128507,True,https://www.justice.gov/epstein/files/DataSet%209/EFTA00128507.mp4,mp4,video_or_audio,video/mp4,206,ok via .mp4
EFTA00128508,https://www.justice.gov/epstein/files/DataSet%209/EFTA00128508.pdf,https://www.justice.gov/epstein/files/DataSet%209/EFTA00128508,True,https://www.justice.gov/epstein/files/DataSet%209/EFTA00128508.mp4,mp4,video_or_audio,video/mp4,206,ok via .mp4
EFTA00128509,https://www.justice.gov/epstein/files/DataSet%209/EFTA00128509.pdf,https://www.justice.gov/epstein/files/DataSet%209/EFTA00128509,True,https://www.justice.gov/epstein/files/DataSet%209/EFTA00128509.mp4,mp4,video_or_audio,video/mp4,206,ok via .mp4
EFTA00128510,https://www.justice.gov/epstein/files/DataSet%209/EFTA00128510.pdf,https://www.justice.gov/epstein/files/DataSet%209/EFTA00128510,True,https://www.justice.gov/epstein/files/DataSet%209/EFTA00128510.mp4,mp4,video_or_audio,video/mp4,206,ok via .mp4
EFTA00128511,https://www.justice.gov/epstein/files/DataSet%209/EFTA00128511.pdf,https://www.justice.gov/epstein/files/DataSet%209/EFTA00128511,True,https://www.justice.gov/epstein/files/DataSet%209/EFTA00128511.mp4,mp4,video_or_audio,video/mp4,206,ok via .mp4
EFTA00128512,https://www.justice.gov/epstein/files/DataSet%209/EFTA00128512.pdf,https://www.justice.gov/epstein/files/DataSet%209/EFTA00128512,True,https://www.justice.gov/epstein/files/DataSet%209/EFTA00128512.mp4,mp4,video_or_audio,video/mp4,206,ok via .mp4
EFTA00128513,https://www.justice.gov/epstein/files/DataSet%209/EFTA00128513.pdf,https://www.justice.gov/epstein/files/DataSet%209/EFTA00128513,True,https://www.justice.gov/epstein/files/DataSet%209/EFTA00128513.mp4,mp4,video_or_audio,video/mp4,206,ok via .mp4
EFTA00128515,https://www.justice.gov/epstein/files/DataSet%209/EFTA00128515.pdf,https://www.justice.gov/epstein/files/DataSet%209/EFTA00128515,True,https://www.justice.gov/epstein/files/DataSet%209/EFTA00128515.mp4,mp4,video_or_audio,video/mp4,206,ok via .mp4
EFTA00128516,https://www.justice.gov/epstein/files/DataSet%209/EFTA00128516.pdf,https://www.justice.gov/epstein/files/DataSet%209/EFTA00128516,True,https://www.justice.gov/epstein/files/DataSet%209/EFTA00128516.mp4,mp4,video_or_audio,video/mp4,206,ok via .mp4
EFTA00128517,https://www.justice.gov/epstein/files/DataSet%209/EFTA00128517.pdf,https://www.justice.gov/epstein/files/DataSet%209/EFTA00128517,True,https://www.justice.gov/epstein/files/DataSet%209/EFTA00128517.mp4,mp4,video_or_audio,video/mp4,206,ok via .mp4
EFTA00128518,https://www.justice.gov/epstein/files/DataSet%209/EFTA00128518.pdf,https://www.justice.gov/epstein/files/DataSet%209/EFTA00128518,True,https://www.justice.gov/epstein/files/DataSet%209/EFTA00128518.mp4,mp4,video_or_audio,video/mp4,206,ok via .mp4
EFTA00128519,https://www.justice.gov/epstein/files/DataSet%209/EFTA00128519.pdf,https://www.justice.gov/epstein/files/DataSet%209/EFTA00128519,True,https://www.justice.gov/epstein/files/DataSet%209/EFTA00128519.mp4,mp4,video_or_audio,video/mp4,206,ok via .mp4
EFTA00128521,https://www.justice.gov/epstein/files/DataSet%209/EFTA00128521.pdf,https://www.justice.gov/epstein/files/DataSet%209/EFTA00128521,True,https://www.justice.gov/epstein/files/DataSet%209/EFTA00128521.mp4,mp4,video_or_audio,video/mp4,206,ok via .mp4
EFTA00128524,https://www.justice.gov/epstein/files/DataSet%209/EFTA00128524.pdf,https://www.justice.gov/epstein/files/DataSet%209/EFTA00128524,True,https://www.justice.gov/epstein/files/DataSet%209/EFTA00128524.mp4,mp4,video_or_audio,video/mp4,206,ok via .mp4
EFTA00128525,https://www.justice.gov/epstein/files/DataSet%209/EFTA00128525.pdf,https://www.justice.gov/epstein/files/DataSet%209/EFTA00128525,True,https://www.justice.gov/epstein/files/DataSet%209/EFTA00128525.mp4,mp4,video_or_audio,video/mp4,206,ok via .mp4
EFTA00128527,https://www.justice.gov/epstein/files/DataSet%209/EFTA00128527.pdf,https://www.justice.gov/epstein/files/DataSet%209/EFTA00128527,True,https://www.justice.gov/epstein/files/DataSet%209/EFTA00128527.mp4,mp4,video_or_audio,video/mp4,206,ok via .mp4
EFTA00128529,https://www.justice.gov/epstein/files/DataSet%209/EFTA00128529.pdf,https://www.justice.gov/epstein/files/DataSet%209/EFTA00128529,True,https://www.justice.gov/epstein/files/DataSet%209/EFTA00128529.mp4,mp4,video_or_audio,video/mp4,206,ok via .mp4
EFTA00128531,https://www.justice.gov/epstein/files/DataSet%209/EFTA00128531.pdf,https://www.justice.gov/epstein/files/DataSet%209/EFTA00128531,True,https://www.justice.gov/epstein/files/DataSet%209/EFTA00128531.mp4,mp4,video_or_audio,video/mp4,206,ok via .mp4
EFTA00128532,https://www.justice.gov/epstein/files/DataSet%209/EFTA00128532.pdf,https://www.justice.gov/epstein/files/DataSet%209/EFTA00128532,True,https://www.justice.gov/epstein/files/DataSet%209/EFTA00128532.mp4,mp4,video_or_audio,video/mp4,206,ok via .mp4
EFTA00128534,https://www.justice.gov/epstein/files/DataSet%209/EFTA00128534.pdf,https://www.justice.gov/epstein/files/DataSet%209/EFTA00128534,True,https://www.justice.gov/epstein/files/DataSet%209/EFTA00128534.mp4,mp4,video_or_audio,video/mp4,206,ok via .mp4
EFTA00128536,https://www.justice.gov/epstein/files/DataSet%209/EFTA00128536.pdf,https://www.justice.gov/epstein/files/DataSet%209/EFTA00128536,True,https://www.justice.gov/epstein/files/DataSet%209/EFTA00128536.mp4,mp4,video_or_audio,video/mp4,206,ok via .mp4
EFTA00128539,https://www.justice.gov/epstein/files/DataSet%209/EFTA00128539.pdf,https://www.justice.gov/epstein/files/DataSet%209/EFTA00128539,True,https://www.justice.gov/epstein/files/DataSet%209/EFTA00128539.mp4,mp4,video_or_audio,video/mp4,206,ok via .mp4
EFTA00128540,https://www.justice.gov/epstein/files/DataSet%209/EFTA00128540.pdf,https://www.justice.gov/epstein/files/DataSet%209/EFTA00128540,True,https://www.justice.gov/epstein/files/DataSet%209/EFTA00128540.mp4,mp4,video_or_audio,video/mp4,206,ok via .mp4
EFTA00128542,https://www.justice.gov/epstein/files/DataSet%209/EFTA00128542.pdf,https://www.justice.gov/epstein/files/DataSet%209/EFTA00128542,True,https://www.justice.gov/epstein/files/DataSet%209/EFTA00128542.mp4,mp4,video_or_audio,video/mp4,206,ok via .mp4
EFTA00128544,https://www.justice.gov/epstein/files/DataSet%209/EFTA00128544.pdf,https://www.justice.gov/epstein/files/DataSet%209/EFTA00128544,True,https://www.justice.gov/epstein/files/DataSet%209/EFTA00128544.mp4,mp4,video_or_audio,video/mp4,206,ok via .mp4
EFTA00128547,https://www.justice.gov/epstein/files/DataSet%209/EFTA00128547.pdf,https://www.justice.gov/epstein/files/DataSet%209/EFTA00128547,True,https://www.justice.gov/epstein/files/DataSet%209/EFTA00128547.mp4,mp4,video_or_audio,video/mp4,206,ok via .mp4
EFTA00128549,https://www.justice.gov/epstein/files/DataSet%209/EFTA00128549.pdf,https://www.justice.gov/epstein/files/DataSet%209/EFTA00128549,True,https://www.justice.gov/epstein/files/DataSet%209/EFTA00128549.mp4,mp4,video_or_audio,video/mp4,206,ok via .mp4
EFTA00128552,https://www.justice.gov/epstein/files/DataSet%209/EFTA00128552.pdf,https://www.justice.gov/epstein/files/DataSet%209/EFTA00128552,True,https://www.justice.gov/epstein/files/DataSet%209/EFTA00128552.mp4,mp4,video_or_audio,video/mp4,206,ok via .mp4
EFTA00128553,https://www.justice.gov/epstein/files/DataSet%209/EFTA00128553.pdf,https://www.justice.gov/epstein/files/DataSet%209/EFTA00128553,True,https://www.justice.gov/epstein/files/DataSet%209/EFTA00128553.mp4,mp4,video_or_audio,video/mp4,206,ok via .mp4
EFTA00128554,https://www.justice.gov/epstein/files/DataSet%209/EFTA00128554.pdf,https://www.justice.gov/epstein/files/DataSet%209/EFTA00128554,True,https://www.justice.gov/epstein/files/DataSet%209/EFTA00128554.mp4,mp4,video_or_audio,video/mp4,206,ok via .mp4
EFTA00128556,https://www.justice.gov/epstein/files/DataSet%209/EFTA00128556.pdf,https://www.justice.gov/epstein/files/DataSet%209/EFTA00128556,True,https://www.justice.gov/epstein/files/DataSet%209/EFTA00128556.mp4,mp4,video_or_audio,video/mp4,206,ok via .mp4
EFTA00128558,https://www.justice.gov/epstein/files/DataSet%209/EFTA00128558.pdf,https://www.justice.gov/epstein/files/DataSet%209/EFTA00128558,True,https://www.justice.gov/epstein/files/DataSet%209/EFTA00128558.mp4,mp4,video_or_audio,video/mp4,206,ok via .mp4
EFTA00128560,https://www.justice.gov/epstein/files/DataSet%209/EFTA00128560.pdf,https://www.justice.gov/epstein/files/DataSet%209/EFTA00128560,True,https://www.justice.gov/epstein/files/DataSet%209/EFTA00128560.mp4,mp4,video_or_audio,video/mp4,206,ok via .mp4
EFTA00128562,https://www.justice.gov/epstein/files/DataSet%209/EFTA00128562.pdf,https://www.justice.gov/epstein/files/DataSet%209/EFTA00128562,True,https://www.justice.gov/epstein/files/DataSet%209/EFTA00128562.mp4,mp4,video_or_audio,video/mp4,206,ok via .mp4
EFTA00128563,https://www.justice.gov/epstein/files/DataSet%209/EFTA00128563.pdf,https://www.justice.gov/epstein/files/DataSet%209/EFTA00128563,True,https://www.justice.gov/epstein/files/DataSet%209/EFTA00128563.mp4,mp4,video_or_audio,video/mp4,206,ok via .mp4
EFTA00128564,https://www.justice.gov/epstein/files/DataSet%209/EFTA00128564.pdf,https://www.justice.gov/epstein/files/DataSet%209/EFTA00128564,True,https://www.justice.gov/epstein/files/DataSet%209/EFTA00128564.mp4,mp4,video_or_audio,video/mp4,206,ok via .mp4
EFTA00128565,https://www.justice.gov/epstein/files/DataSet%209/EFTA00128565.pdf,https://www.justice.gov/epstein/files/DataSet%209/EFTA00128565,True,https://www.justice.gov/epstein/files/DataSet%209/EFTA00128565.mp4,mp4,video_or_audio,video/mp4,206,ok via .mp4
EFTA00128567,https://www.justice.gov/epstein/files/DataSet%209/EFTA00128567.pdf,https://www.justice.gov/epstein/files/DataSet%209/EFTA00128567,True,https://www.justice.gov/epstein/files/DataSet%209/EFTA00128567.mp4,mp4,video_or_audio,video/mp4,206,ok via .mp4
EFTA00128569,https://www.justice.gov/epstein/files/DataSet%209/EFTA00128569.pdf,https://www.justice.gov/epstein/files/DataSet%209/EFTA00128569,True,https://www.justice.gov/epstein/files/DataSet%209/EFTA00128569.mp4,mp4,video_or_audio,video/mp4,206,ok via .mp4
EFTA00128570,https://www.justice.gov/epstein/files/DataSet%209/EFTA00128570.pdf,https://www.justice.gov/epstein/files/DataSet%209/EFTA00128570,True,https://www.justice.gov/epstein/files/DataSet%209/EFTA00128570.mp4,mp4,video_or_audio,video/mp4,206,ok via .mp4
EFTA00128572,https://www.justice.gov/epstein/files/DataSet%209/EFTA00128572.pdf,https://www.justice.gov/epstein/files/DataSet%209/EFTA00128572,True,https://www.justice.gov/epstein/files/DataSet%209/EFTA00128572.mp4,mp4,video_or_audio,video/mp4,206,ok via .mp4
EFTA00128573,https://www.justice.gov/epstein/files/DataSet%209/EFTA00128573.pdf,https://www.justice.gov/epstein/files/DataSet%209/EFTA00128573,True,https://www.justice.gov/epstein/files/DataSet%209/EFTA00128573.mp4,mp4,video_or_audio,video/mp4,206,ok via .mp4
EFTA00128574,https://www.justice.gov/epstein/files/DataSet%209/EFTA00128574.pdf,https://www.justice.gov/epstein/files/DataSet%209/EFTA00128574,True,https://www.justice.gov/epstein/files/DataSet%209/EFTA00128574.mp4,mp4,video_or_audio,video/mp4,206,ok via .mp4
EFTA00128575,https://www.justice.gov/epstein/files/DataSet%209/EFTA00128575.pdf,https://www.justice.gov/epstein/files/DataSet%209/EFTA00128575,True,https://www.justice.gov/epstein/files/DataSet%209/EFTA00128575.mp4,mp4,video_or_audio,video/mp4,206,ok via .mp4
EFTA00128576,https://www.justice.gov/epstein/files/DataSet%209/EFTA00128576.pdf,https://www.justice.gov/epstein/files/DataSet%209/EFTA00128576,True,https://www.justice.gov/epstein/files/DataSet%209/EFTA00128576.mp4,mp4,video_or_audio,video/mp4,206,ok via .mp4
EFTA00128577,https://www.justice.gov/epstein/files/DataSet%209/EFTA00128577.pdf,https://www.justice.gov/epstein/files/DataSet%209/EFTA00128577,True,https://www.justice.gov/epstein/files/DataSet%209/EFTA00128577.mp4,mp4,video_or_audio,video/mp4,206,ok via .mp4
EFTA00128578,https://www.justice.gov/epstein/files/DataSet%209/EFTA00128578.pdf,https://www.justice.gov/epstein/files/DataSet%209/EFTA00128578,True,https://www.justice.gov/epstein/files/DataSet%209/EFTA00128578.mp4,mp4,video_or_audio,video/mp4,206,ok via .mp4
EFTA00128582,https://www.justice.gov/epstein/files/DataSet%209/EFTA00128582.pdf,https://www.justice.gov/epstein/files/DataSet%209/EFTA00128582,True,https://www.justice.gov/epstein/files/DataSet%209/EFTA00128582.mp4,mp4,video_or_audio,video/mp4,206,ok via .mp4
EFTA00128587,https://www.justice.gov/epstein/files/DataSet%209/EFTA00128587.pdf,https://www.justice.gov/epstein/files/DataSet%209/EFTA00128587,True,https://www.justice.gov/epstein/files/DataSet%209/EFTA00128587.mp4,mp4,video_or_audio,video/mp4,206,ok via .mp4
EFTA00128589,https://www.justice.gov/epstein/files/DataSet%209/EFTA00128589.pdf,https://www.justice.gov/epstein/files/DataSet%209/EFTA00128589,True,https://www.justice.gov/epstein/files/DataSet%209/EFTA00128589.mp4,mp4,video_or_audio,video/mp4,206,ok via .mp4
EFTA00128591,https://www.justice.gov/epstein/files/DataSet%209/EFTA00128591.pdf,https://www.justice.gov/epstein/files/DataSet%209/EFTA00128591,True,https://www.justice.gov/epstein/files/DataSet%209/EFTA00128591.mp4,mp4,video_or_audio,video/mp4,206,ok via .mp4
EFTA00128592,https://www.justice.gov/epstein/files/DataSet%209/EFTA00128592.pdf,https://www.justice.gov/epstein/files/DataSet%209/EFTA00128592,True,https://www.justice.gov/epstein/files/DataSet%209/EFTA00128592.mp4,mp4,video_or_audio,video/mp4,206,ok via .mp4
EFTA00128594,https://www.justice.gov/epstein/files/DataSet%209/EFTA00128594.pdf,https://www.justice.gov/epstein/files/DataSet%209/EFTA00128594,True,https://www.justice.gov/epstein/files/DataSet%209/EFTA00128594.mp4,mp4,video_or_audio,video/mp4,206,ok via .mp4
EFTA00128596,https://www.justice.gov/epstein/files/DataSet%209/EFTA00128596.pdf,https://www.justice.gov/epstein/files/DataSet%209/EFTA00128596,True,https://www.justice.gov/epstein/files/DataSet%209/EFTA00128596.mp4,mp4,video_or_audio,video/mp4,206,ok via .mp4
EFTA00128598,https://www.justice.gov/epstein/files/DataSet%209/EFTA00128598.pdf,https://www.justice.gov/epstein/files/DataSet%209/EFTA00128598,True,https://www.justice.gov/epstein/files/DataSet%209/EFTA00128598.mp4,mp4,video_or_audio,video/mp4,206,ok via .mp4
EFTA00128599,https://www.justice.gov/epstein/files/DataSet%209/EFTA00128599.pdf,https://www.justice.gov/epstein/files/DataSet%209/EFTA00128599,True,https://www.justice.gov/epstein/files/DataSet%209/EFTA00128599.mp4,mp4,video_or_audio,video/mp4,206,ok via .mp4
EFTA00128600,https://www.justice.gov/epstein/files/DataSet%209/EFTA00128600.pdf,https://www.justice.gov/epstein/files/DataSet%209/EFTA00128600,True,https://www.justice.gov/epstein/files/DataSet%209/EFTA00128600.mp4,mp4,video_or_audio,video/mp4,206,ok via .mp4
EFTA00128601,https://www.justice.gov/epstein/files/DataSet%209/EFTA00128601.pdf,https://www.justice.gov/epstein/files/DataSet%209/EFTA00128601,True,https://www.justice.gov/epstein/files/DataSet%209/EFTA00128601.mp4,mp4,video_or_audio,video/mp4,206,ok via .mp4
EFTA00128602,https://www.justice.gov/epstein/files/DataSet%209/EFTA00128602.pdf,https://www.justice.gov/epstein/files/DataSet%209/EFTA00128602,True,https://www.justice.gov/epstein/files/DataSet%209/EFTA00128602.mp4,mp4,video_or_audio,video/mp4,206,ok via .mp4
EFTA00128605,https://www.justice.gov/epstein/files/DataSet%209/EFTA00128605.pdf,https://www.justice.gov/epstein/files/DataSet%209/EFTA00128605,True,https://www.justice.gov/epstein/files/DataSet%209/EFTA00128605.mp4,mp4,video_or_audio,video/mp4,206,ok via .mp4
EFTA00128607,https://www.justice.gov/epstein/files/DataSet%209/EFTA00128607.pdf,https://www.justice.gov/epstein/files/DataSet%209/EFTA00128607,True,https://www.justice.gov/epstein/files/DataSet%209/EFTA00128607.mp4,mp4,video_or_audio,video/mp4,206,ok via .mp4
EFTA00128608,https://www.justice.gov/epstein/files/DataSet%209/EFTA00128608.pdf,https://www.justice.gov/epstein/files/DataSet%209/EFTA00128608,True,https://www.justice.gov/epstein/files/DataSet%209/EFTA00128608.mp4,mp4,video_or_audio,video/mp4,206,ok via .mp4
EFTA00128610,https://www.justice.gov/epstein/files/DataSet%209/EFTA00128610.pdf,https://www.justice.gov/epstein/files/DataSet%209/EFTA00128610,True,https://www.justice.gov/epstein/files/DataSet%209/EFTA00128610.mp4,mp4,video_or_audio,video/mp4,206,ok via .mp4
EFTA00128612,https://www.justice.gov/epstein/files/DataSet%209/EFTA00128612.pdf,https://www.justice.gov/epstein/files/DataSet%209/EFTA00128612,True,https://www.justice.gov/epstein/files/DataSet%209/EFTA00128612.mp4,mp4,video_or_audio,video/mp4,206,ok via .mp4
EFTA00128614,https://www.justice.gov/epstein/files/DataSet%209/EFTA00128614.pdf,https://www.justice.gov/epstein/files/DataSet%209/EFTA00128614,True,https://www.justice.gov/epstein/files/DataSet%209/EFTA00128614.mp4,mp4,video_or_audio,video/mp4,206,ok via .mp4
EFTA00128615,https://www.justice.gov/epstein/files/DataSet%209/EFTA00128615.pdf,https://www.justice.gov/epstein/files/DataSet%209/EFTA00128615,True,https://www.justice.gov/epstein/files/DataSet%209/EFTA00128615.mp4,mp4,video_or_audio,video/mp4,206,ok via .mp4
EFTA00128616,https://www.justice.gov/epstein/files/DataSet%209/EFTA00128616.pdf,https://www.justice.gov/epstein/files/DataSet%209/EFTA00128616,True,https://www.justice.gov/epstein/files/DataSet%209/EFTA00128616.mp4,mp4,video_or_audio,video/mp4,206,ok via .mp4
EFTA00128617,https://www.justice.gov/epstein/files/DataSet%209/EFTA00128617.pdf,https://www.justice.gov/epstein/files/DataSet%209/EFTA00128617,True,https://www.justice.gov/epstein/files/DataSet%209/EFTA00128617.mp4,mp4,video_or_audio,video/mp4,206,ok via .mp4
EFTA00128618,https://www.justice.gov/epstein/files/DataSet%209/EFTA00128618.pdf,https://www.justice.gov/epstein/files/DataSet%209/EFTA00128618,True,https://www.justice.gov/epstein/files/DataSet%209/EFTA00128618.mp4,mp4,video_or_audio,video/mp4,206,ok via .mp4
EFTA00128622,https://www.justice.gov/epstein/files/DataSet%209/EFTA00128622.pdf,https://www.justice.gov/epstein/files/DataSet%209/EFTA00128622,True,https://www.justice.gov/epstein/files/DataSet%209/EFTA00128622.mp4,mp4,video_or_audio,video/mp4,206,ok via .mp4
EFTA00128624,https://www.justice.gov/epstein/files/DataSet%209/EFTA00128624.pdf,https://www.justice.gov/epstein/files/DataSet%209/EFTA00128624,True,https://www.justice.gov/epstein/files/DataSet%209/EFTA00128624.mp4,mp4,video_or_audio,video/mp4,206,ok via .mp4
EFTA00128626,https://www.justice.gov/epstein/files/DataSet%209/EFTA00128626.pdf,https://www.justice.gov/epstein/files/DataSet%209/EFTA00128626,True,https://www.justice.gov/epstein/files/DataSet%209/EFTA00128626.mp4,mp4,video_or_audio,video/mp4,206,ok via .mp4
EFTA00137534,https://www.justice.gov/epstein/files/DataSet%209/EFTA00137534.pdf,https://www.justice.gov/epstein/files/DataSet%209/EFTA00137534,True,https://www.justice.gov/epstein/files/DataSet%209/EFTA00137534.mp4,mp4,video_or_audio,video/mp4,206,ok via .mp4
EFTA00137535,https://www.justice.gov/epstein/files/DataSet%209/EFTA00137535.pdf,https://www.justice.gov/epstein/files/DataSet%209/EFTA00137535,True,https://www.justice.gov/epstein/files/DataSet%209/EFTA00137535.mp4,mp4,video_or_audio,video/mp4,206,ok via .mp4
EFTA00137536,https://www.justice.gov/epstein/files/DataSet%209/EFTA00137536.pdf,https://www.justice.gov/epstein/files/DataSet%209/EFTA00137536,True,https://www.justice.gov/epstein/files/DataSet%209/EFTA00137536.mp4,mp4,video_or_audio,video/mp4,206,ok via .mp4
EFTA00137537,https://www.justice.gov/epstein/files/DataSet%209/EFTA00137537.pdf,https://www.justice.gov/epstein/files/DataSet%209/EFTA00137537,True,https://www.justice.gov/epstein/files/DataSet%209/EFTA00137537.mp4,mp4,video_or_audio,video/mp4,206,ok via .mp4
EFTA00137539,https://www.justice.gov/epstein/files/DataSet%209/EFTA00137539.pdf,https://www.justice.gov/epstein/files/DataSet%209/EFTA00137539,True,https://www.justice.gov/epstein/files/DataSet%209/EFTA00137539.mp4,mp4,video_or_audio,video/mp4,206,ok via .mp4
EFTA00137541,https://www.justice.gov/epstein/files/DataSet%209/EFTA00137541.pdf,https://www.justice.gov/epstein/files/DataSet%209/EFTA00137541,True,https://www.justice.gov/epstein/files/DataSet%209/EFTA00137541.mp4,mp4,video_or_audio,video/mp4,206,ok via .mp4
EFTA00137543,https://www.justice.gov/epstein/files/DataSet%209/EFTA00137543.pdf,https://www.justice.gov/epstein/files/DataSet%209/EFTA00137543,True,https://www.justice.gov/epstein/files/DataSet%209/EFTA00137543.mp4,mp4,video_or_audio,video/mp4,206,ok via .mp4
EFTA00137546,https://www.justice.gov/epstein/files/DataSet%209/EFTA00137546.pdf,https://www.justice.gov/epstein/files/DataSet%209/EFTA00137546,True,https://www.justice.gov/epstein/files/DataSet%209/EFTA00137546.mp4,mp4,video_or_audio,video/mp4,206,ok via .mp4
EFTA00137547,https://www.justice.gov/epstein/files/DataSet%209/EFTA00137547.pdf,https://www.justice.gov/epstein/files/DataSet%209/EFTA00137547,True,https://www.justice.gov/epstein/files/DataSet%209/EFTA00137547.mp4,mp4,video_or_audio,video/mp4,206,ok via .mp4
EFTA00137549,https://www.justice.gov/epstein/files/DataSet%209/EFTA00137549.pdf,https://www.justice.gov/epstein/files/DataSet%209/EFTA00137549,True,https://www.justice.gov/epstein/files/DataSet%209/EFTA00137549.mp4,mp4,video_or_audio,video/mp4,206,ok via .mp4
EFTA00137551,https://www.justice.gov/epstein/files/DataSet%209/EFTA00137551.pdf,https://www.justice.gov/epstein/files/DataSet%209/EFTA00137551,True,https://www.justice.gov/epstein/files/DataSet%209/EFTA00137551.mp4,mp4,video_or_audio,video/mp4,206,ok via .mp4
EFTA00137552,https://www.justice.gov/epstein/files/DataSet%209/EFTA00137552.pdf,https://www.justice.gov/epstein/files/DataSet%209/EFTA00137552,True,https://www.justice.gov/epstein/files/DataSet%209/EFTA00137552.mp4,mp4,video_or_audio,video/mp4,206,ok via .mp4
EFTA00137553,https://www.justice.gov/epstein/files/DataSet%209/EFTA00137553.pdf,https://www.justice.gov/epstein/files/DataSet%209/EFTA00137553,True,https://www.justice.gov/epstein/files/DataSet%209/EFTA00137553.mp4,mp4,video_or_audio,video/mp4,206,ok via .mp4
EFTA00137555,https://www.justice.gov/epstein/files/DataSet%209/EFTA00137555.pdf,https://www.justice.gov/epstein/files/DataSet%209/EFTA00137555,True,https://www.justice.gov/epstein/files/DataSet%209/EFTA00137555.mp4,mp4,video_or_audio,video/mp4,206,ok via .mp4
EFTA00137557,https://www.justice.gov/epstein/files/DataSet%209/EFTA00137557.pdf,https://www.justice.gov/epstein/files/DataSet%209/EFTA00137557,True,https://www.justice.gov/epstein/files/DataSet%209/EFTA00137557.mp4,mp4,video_or_audio,video/mp4,206,ok via .mp4
EFTA00137559,https://www.justice.gov/epstein/files/DataSet%209/EFTA00137559.pdf,https://www.justice.gov/epstein/files/DataSet%209/EFTA00137559,True,https://www.justice.gov/epstein/files/DataSet%209/EFTA00137559.mp4,mp4,video_or_audio,video/mp4,206,ok via .mp4
EFTA00137560,https://www.justice.gov/epstein/files/DataSet%209/EFTA00137560.pdf,https://www.justice.gov/epstein/files/DataSet%209/EFTA00137560,True,https://www.justice.gov/epstein/files/DataSet%209/EFTA00137560.mp4,mp4,video_or_audio,video/mp4,206,ok via .mp4
EFTA00137562,https://www.justice.gov/epstein/files/DataSet%209/EFTA00137562.pdf,https://www.justice.gov/epstein/files/DataSet%209/EFTA00137562,True,https://www.justice.gov/epstein/files/DataSet%209/EFTA00137562.mp4,mp4,video_or_audio,video/mp4,206,ok via .mp4
EFTA00137563,https://www.justice.gov/epstein/files/DataSet%209/EFTA00137563.pdf,https://www.justice.gov/epstein/files/DataSet%209/EFTA00137563,True,https://www.justice.gov/epstein/files/DataSet%209/EFTA00137563.mp4,mp4,video_or_audio,video/mp4,206,ok via .mp4
EFTA00137564,https://www.justice.gov/epstein/files/DataSet%209/EFTA00137564.pdf,https://www.justice.gov/epstein/files/DataSet%209/EFTA00137564,True,https://www.justice.gov/epstein/files/DataSet%209/EFTA00137564.mp4,mp4,video_or_audio,video/mp4,206,ok via .mp4
EFTA00137567,https://www.justice.gov/epstein/files/DataSet%209/EFTA00137567.pdf,https://www.justice.gov/epstein/files/DataSet%209/EFTA00137567,True,https://www.justice.gov/epstein/files/DataSet%209/EFTA00137567.mp4,mp4,video_or_audio,video/mp4,206,ok via .mp4
EFTA00137568,https://www.justice.gov/epstein/files/DataSet%209/EFTA00137568.pdf,https://www.justice.gov/epstein/files/DataSet%209/EFTA00137568,True,https://www.justice.gov/epstein/files/DataSet%209/EFTA00137568.mp4,mp4,video_or_audio,video/mp4,206,ok via .mp4
EFTA00137570,https://www.justice.gov/epstein/files/DataSet%209/EFTA00137570.pdf,https://www.justice.gov/epstein/files/DataSet%209/EFTA00137570,True,https://www.justice.gov/epstein/files/DataSet%209/EFTA00137570.mp4,mp4,video_or_audio,video/mp4,206,ok via .mp4
EFTA00137571,https://www.justice.gov/epstein/files/DataSet%209/EFTA00137571.pdf,https://www.justice.gov/epstein/files/DataSet%209/EFTA00137571,True,https://www.justice.gov/epstein/files/DataSet%209/EFTA00137571.mp4,mp4,video_or_audio,video/mp4,206,ok via .mp4
EFTA00143819,https://www.justice.gov/epstein/files/DataSet%209/EFTA00143819.pdf,https://www.justice.gov/epstein/files/DataSet%209/EFTA00143819,True,https://www.justice.gov/epstein/files/DataSet%209/EFTA00143819.mp4,mp4,video_or_audio,video/mp4,206,ok via .mp4
EFTA00151168,https://www.justice.gov/epstein/files/DataSet%209/EFTA00151168.pdf,https://www.justice.gov/epstein/files/DataSet%209/EFTA00151168,True,https://www.justice.gov/epstein/files/DataSet%209/EFTA00151168.m4a,m4a,audio,audio/mp4,206,ok via .m4a
EFTA00151169,https://www.justice.gov/epstein/files/DataSet%209/EFTA00151169.pdf,https://www.justice.gov/epstein/files/DataSet%209/EFTA00151169,True,https://www.justice.gov/epstein/files/DataSet%209/EFTA00151169.m4a,m4a,audio,audio/mp4,206,ok via .m4a
EFTA00152686,https://www.justice.gov/epstein/files/DataSet%209/EFTA00152686.pdf,https://www.justice.gov/epstein/files/DataSet%209/EFTA00152686,True,https://www.justice.gov/epstein/files/DataSet%209/EFTA00152686.m4a,m4a,audio,audio/mp4,206,ok via .m4a
EFTA00152688,https://www.justice.gov/epstein/files/DataSet%209/EFTA00152688.pdf,https://www.justice.gov/epstein/files/DataSet%209/EFTA00152688,True,https://www.justice.gov/epstein/files/DataSet%209/EFTA00152688.m4a,m4a,audio,audio/mp4,206,ok via .m4a
EFTA00152689,https://www.justice.gov/epstein/files/DataSet%209/EFTA00152689.pdf,https://www.justice.gov/epstein/files/DataSet%209/EFTA00152689,True,https://www.justice.gov/epstein/files/DataSet%209/EFTA00152689.m4a,m4a,audio,audio/mp4,206,ok via .m4a
EFTA00152692,https://www.justice.gov/epstein/files/DataSet%209/EFTA00152692.pdf,https://www.justice.gov/epstein/files/DataSet%209/EFTA00152692,True,https://www.justice.gov/epstein/files/DataSet%209/EFTA00152692.m4a,m4a,audio,audio/mp4,206,ok via .m4a
EFTA00155485,https://www.justice.gov/epstein/files/DataSet%209/EFTA00155485.pdf,https://www.justice.gov/epstein/files/DataSet%209/EFTA00155485,True,https://www.justice.gov/epstein/files/DataSet%209/EFTA00155485.m4a,m4a,audio,audio/mp4,206,ok via .m4a
EFTA00155489,https://www.justice.gov/epstein/files/DataSet%209/EFTA00155489.pdf,https://www.justice.gov/epstein/files/DataSet%209/EFTA00155489,True,https://www.justice.gov/epstein/files/DataSet%209/EFTA00155489.m4a,m4a,audio,audio/mp4,206,ok via .m4a
EFTA00155551,https://www.justice.gov/epstein/files/DataSet%209/EFTA00155551.pdf,https://www.justice.gov/epstein/files/DataSet%209/EFTA00155551,True,https://www.justice.gov/epstein/files/DataSet%209/EFTA00155551.m4a,m4a,audio,audio/mp4,206,ok via .m4a
EFTA00155552,https://www.justice.gov/epstein/files/DataSet%209/EFTA00155552.pdf,https://www.justice.gov/epstein/files/DataSet%209/EFTA00155552,False,,,,,,gated_or_rate_limited (html streak)
EFTA00157542,https://www.justice.gov/epstein/files/DataSet%209/EFTA00157542.pdf,https://www.justice.gov/epstein/files/DataSet%209/EFTA00157542,True,https://www.justice.gov/epstein/files/DataSet%209/EFTA00157542.m4a,m4a,audio,audio/mp4,206,ok via .m4a
EFTA00159164,https://www.justice.gov/epstein/files/DataSet%209/EFTA00159164.pdf,https://www.justice.gov/epstein/files/DataSet%209/EFTA00159164,True,https://www.justice.gov/epstein/files/DataSet%209/EFTA00159164.m4a,m4a,audio,audio/mp4,206,ok via .m4a
EFTA00164286,https://www.justice.gov/epstein/files/DataSet%209/EFTA00164286.pdf,https://www.justice.gov/epstein/files/DataSet%209/EFTA00164286,False,,,,,,gated_or_rate_limited (html streak)
EFTA00164288,https://www.justice.gov/epstein/files/DataSet%209/EFTA00164288.pdf,https://www.justice.gov/epstein/files/DataSet%209/EFTA00164288,False,,,,,,gated_or_rate_limited (html streak)
EFTA00165150,https://www.justice.gov/epstein/files/DataSet%209/EFTA00165150.pdf,https://www.justice.gov/epstein/files/DataSet%209/EFTA00165150,False,,,,,,gated_or_rate_limited (html streak)
EFTA00170247,https://www.justice.gov/epstein/files/DataSet%209/EFTA00170247.pdf,https://www.justice.gov/epstein/files/DataSet%209/EFTA00170247,False,,,,,,gated_or_rate_limited (html streak)
EFTA00170248,https://www.justice.gov/epstein/files/DataSet%209/EFTA00170248.pdf,https://www.justice.gov/epstein/files/DataSet%209/EFTA00170248,False,,,,,,gated_or_rate_limited (html streak)
EFTA00170249,https://www.justice.gov/epstein/files/DataSet%209/EFTA00170249.pdf,https://www.justice.gov/epstein/files/DataSet%209/EFTA00170249,False,,,,,,gated_or_rate_limited (html streak)
EFTA00170250,https://www.justice.gov/epstein/files/DataSet%209/EFTA00170250.pdf,https://www.justice.gov/epstein/files/DataSet%209/EFTA00170250,False,,,,,,gated_or_rate_limited (html streak)
EFTA00221035,https://www.justice.gov/epstein/files/DataSet%209/EFTA00221035.pdf,https://www.justice.gov/epstein/files/DataSet%209/EFTA00221035,True,https://www.justice.gov/epstein/files/DataSet%209/EFTA00221035.m4a,m4a,audio,audio/mp4,206,ok via .m4a
EFTA00221038,https://www.justice.gov/epstein/files/DataSet%209/EFTA00221038.pdf,https://www.justice.gov/epstein/files/DataSet%209/EFTA00221038,True,https://www.justice.gov/epstein/files/DataSet%209/EFTA00221038.m4a,m4a,audio,audio/mp4,206,ok via .m4a
EFTA00221040,https://www.justice.gov/epstein/files/DataSet%209/EFTA00221040.pdf,https://www.justice.gov/epstein/files/DataSet%209/EFTA00221040,True,https://www.justice.gov/epstein/files/DataSet%209/EFTA00221040.m4a,m4a,audio,audio/mp4,206,ok via .m4a
EFTA00221044,https://www.justice.gov/epstein/files/DataSet%209/EFTA00221044.pdf,https://www.justice.gov/epstein/files/DataSet%209/EFTA00221044,True,https://www.justice.gov/epstein/files/DataSet%209/EFTA00221044.m4a,m4a,audio,audio/mp4,206,ok via .m4a
EFTA00221046,https://www.justice.gov/epstein/files/DataSet%209/EFTA00221046.pdf,https://www.justice.gov/epstein/files/DataSet%209/EFTA00221046,True,https://www.justice.gov/epstein/files/DataSet%209/EFTA00221046.m4a,m4a,audio,audio/mp4,206,ok via .m4a
EFTA00221054,https://www.justice.gov/epstein/files/DataSet%209/EFTA00221054.pdf,https://www.justice.gov/epstein/files/DataSet%209/EFTA00221054,True,https://www.justice.gov/epstein/files/DataSet%209/EFTA00221054.m4a,m4a,audio,audio/mp4,206,ok via .m4a
EFTA00221057,https://www.justice.gov/epstein/files/DataSet%209/EFTA00221057.pdf,https://www.justice.gov/epstein/files/DataSet%209/EFTA00221057,False,,,,,,gated_or_rate_limited (html streak)
EFTA00239787,https://www.justice.gov/epstein/files/DataSet%209/EFTA00239787.pdf,https://www.justice.gov/epstein/files/DataSet%209/EFTA00239787,False,,,,,,gated_or_rate_limited (html streak)
EFTA00242090,https://www.justice.gov/epstein/files/DataSet%209/EFTA00242090.pdf,https://www.justice.gov/epstein/files/DataSet%209/EFTA00242090,False,,,,,,gated_or_rate_limited (html streak)
EFTA00276490,https://www.justice.gov/epstein/files/DataSet%209/EFTA00276490.pdf,https://www.justice.gov/epstein/files/DataSet%209/EFTA00276490,True,https://www.justice.gov/epstein/files/DataSet%209/EFTA00276490.m4a,m4a,audio,audio/mp4,206,ok via .m4a
EFTA00276494,https://www.justice.gov/epstein/files/DataSet%209/EFTA00276494.pdf,https://www.justice.gov/epstein/files/DataSet%209/EFTA00276494,False,,,,,,gated_or_rate_limited (html streak)
EFTA00276495,https://www.justice.gov/epstein/files/DataSet%209/EFTA00276495.pdf,https://www.justice.gov/epstein/files/DataSet%209/EFTA00276495,False,,,,,,gated_or_rate_limited (html streak)
EFTA00276756,https://www.justice.gov/epstein/files/DataSet%209/EFTA00276756.pdf,https://www.justice.gov/epstein/files/DataSet%209/EFTA00276756,False,,,,,,gated_or_rate_limited (html streak)
EFTA00276757,https://www.justice.gov/epstein/files/DataSet%209/EFTA00276757.pdf,https://www.justice.gov/epstein/files/DataSet%209/EFTA00276757,False,,,,,,gated_or_rate_limited (html streak)
EFTA00277091,https://www.justice.gov/epstein/files/DataSet%209/EFTA00277091.pdf,https://www.justice.gov/epstein/files/DataSet%209/EFTA00277091,True,https://www.justice.gov/epstein/files/DataSet%209/EFTA00277091.m4a,m4a,audio,audio/mp4,206,ok via .m4a
EFTA00277094,https://www.justice.gov/epstein/files/DataSet%209/EFTA00277094.pdf,https://www.justice.gov/epstein/files/DataSet%209/EFTA00277094,True,https://www.justice.gov/epstein/files/DataSet%209/EFTA00277094.m4a,m4a,audio,audio/mp4,206,ok via .m4a
EFTA00277095,https://www.justice.gov/epstein/files/DataSet%209/EFTA00277095.pdf,https://www.justice.gov/epstein/files/DataSet%209/EFTA00277095,True,https://www.justice.gov/epstein/files/DataSet%209/EFTA00277095.m4a,m4a,audio,audio/mp4,206,ok via .m4a
EFTA00277098,https://www.justice.gov/epstein/files/DataSet%209/EFTA00277098.pdf,https://www.justice.gov/epstein/files/DataSet%209/EFTA00277098,True,https://www.justice.gov/epstein/files/DataSet%209/EFTA00277098.m4a,m4a,audio,audio/mp4,206,ok via .m4a
